id,type_bien,nb_chambres,prix_fcfa,commune,arrondissement,quartier,nom_maison,nb_photos,nb_videos,date_creation,date_maj,url_annonce
116644,1 Chambre Salon,1.0,50000,Abomey-Calavi,Golo-Djigbe,Lohoussa,1 chambre(s) à LOHOUSSA,0,1,2026-09-24T09:51:39.076Z,2026-09-24T09:51:39.133Z,https://locapay.app/property/116644
116645,3 Chambres Salon,3.0,150000,COTONOU,1ER ARRONDISSEMENT,ZOGBO/COTONOU,1 chambre(s) à COTONOU AKPAKPA,0,0,2026-09-24T09:50:11.997Z,2026-09-24T09:50:11.998Z,https://locapay.app/property/116645
116646,2 Chambres Salon,2.0,140000,Cotonou,1Er Arrondissement,Cotonou Akpakpa,1 chambre(s) à COTONOU AKPAKPA,7,0,2026-09-24T09:50:03.248Z,2026-09-24T09:50:03.249Z,https://locapay.app/property/116646
116652,2 Chambres Salon,2.0,100000,ABOMEY-CALAVI,ABOMEY-CALAVI,CALAVI ARCONVILLE,2 chambre(s) à CALAVI ARCONVILLE,0,0,2026-09-24T09:48:22.897Z,2026-09-24T09:48:22.897Z,https://locapay.app/property/116652
116653,3 Chambres Salon,3.0,120000,COTONOU,9EME ARRONDISSEMENT,KINDONOU,3 chambre(s) à KINDONOU,0,0,2026-09-24T09:48:06.996Z,2026-09-24T09:48:07.003Z,https://locapay.app/property/116653
116654,2 Chambres Salon,2.0,120000,ABOMEY-CALAVI,ABOMEY-CALAVI,SAINT RITA,2 chambre(s) à SAINT RITA,0,0,2026-09-24T09:47:54.989Z,2026-09-24T09:47:54.990Z,https://locapay.app/property/116654
116655,1 Chambre Salon,1.0,52000,ABOMEY-CALAVI,GODOMEY,GODOMEY GARE,1 chambre(s) à GODOMEY GARE,0,0,2026-09-24T09:47:45.425Z,2026-09-24T09:47:45.430Z,https://locapay.app/property/116655
116656,2 Chambres Salon,2.0,80000,ABOMEY-CALAVI,GODOMEY,GODOMEY GARE,2 chambre(s) à GODOMEY GARE,0,0,2026-09-24T09:47:41.362Z,2026-09-24T09:47:41.367Z,https://locapay.app/property/116656
116665,1 Chambre Salon,1.0,35000,Abomey-Calavi,Togba,Calavi Houeto,1 chambre(s) à CALAVI,5,0,2026-09-24T09:47:34.060Z,2026-09-24T09:47:34.061Z,https://locapay.app/property/116665
116668,1 Chambre Salon,1.0,60000,ABOMEY-CALAVI,ABOMEY-CALAVI,WOMEY,1 chambre(s) à WOMEY,0,0,2026-09-24T09:46:55.801Z,2026-09-24T09:46:55.804Z,https://locapay.app/property/116668
116674,1 Chambre Salon,1.0,50000,Cotonou,13Eme Arrondissement,Agla Ceg de l'Entente,1 chambre(s) à AGLA,5,0,2026-09-24T09:46:28.681Z,2026-09-24T09:46:28.682Z,https://locapay.app/property/116674
116675,3 Chambres Salon,3.0,150000,COTONOU,9EME ARRONDISSEMENT,ZOGBO,1 chambre(s) à ZOGBO,5,0,2026-09-24T09:45:53.445Z,2026-09-24T09:45:53.447Z,https://locapay.app/property/116675
116677,2 Chambres Salon,2.0,55000,ABOMEY-CALAVI,ABOMEY-CALAVI,CALAVI AITCHEDJI,2 chambre(s) à CALAVI AITCHEDJI,0,0,2026-09-24T09:45:32.088Z,2026-09-24T09:45:32.089Z,https://locapay.app/property/116677
116682,1 Chambre Salon,1.0,45000,COTONOU,13EME ARRONDISSEMENT,AGLA MOSQUEE,1 chambre(s) à AGLA MOSQUEE,5,0,2026-09-24T09:45:23.948Z,2026-09-24T09:45:23.949Z,https://locapay.app/property/116682
116683,3 Chambres Salon,3.0,300000,COTONOU,10EME ARRONDISSEMENT,VEDOKO,3 chambre(s) à VEDOKO,11,0,2026-09-24T09:45:04.813Z,2026-09-24T09:45:04.816Z,https://locapay.app/property/116683
116684,3 Chambres Salon,3.0,600000,COTONOU,12EME ARRONDISSEMENT,FIDJROSSE PLAGE,Propriété à FIDJROSSE PLAGE,0,0,2026-09-24T09:44:44.067Z,2026-09-24T09:44:44.072Z,https://locapay.app/property/116684
116685,1 Chambre Salon,1.0,35000,ABOMEY-CALAVI,TOGBA,CALAVI HOUETO,1 chambre(s) à CALAVI HOUETO,0,0,2026-09-24T09:44:37.774Z,2026-09-24T09:54:50.760Z,https://locapay.app/property/116685
116217,1 Chambre Salon,1.0,42000,ABOMEY-CALAVI,GODOMEY,COCOCODJI,1 chambre(s) à COCOCODJI,4,0,2026-09-24T09:11:49.709Z,2026-09-24T09:11:49.717Z,https://locapay.app/property/116217
116241,2 Chambres Salon,2.0,75000,COTONOU,13EME ARRONDISSEMENT,AGLA MAISON DU PEUPLE,2 chambre(s) à AGLA MAISON DU PEUPLE,0,0,2026-09-24T09:11:01.491Z,2026-09-24T09:11:01.492Z,https://locapay.app/property/116241
116257,3 Chambres Salon,3.0,130000,ABOMEY-CALAVI,GODOMEY,GODOMEY,3 chambre(s) à GODOMEY,5,0,2026-09-24T09:10:51.877Z,2026-09-24T09:10:51.877Z,https://locapay.app/property/116257
116266,1 Chambre,1.0,500000,ABOMEY-CALAVI,GODOMEY,GODOMEY MAGASIN,1 chambre(s) à GODOMEY MAGASIN,5,0,2026-09-24T09:10:42.598Z,2026-09-24T09:10:42.603Z,https://locapay.app/property/116266
116325,3 Chambres Salon,3.0,700000,COTONOU,12EME ARRONDISSEMENT,FIDJROSSE PLAGE,3 chambre(s) à FIDJROSSE PLAGE,1,0,2026-09-24T09:10:13.531Z,2026-09-24T09:10:13.532Z,https://locapay.app/property/116325
116327,Entrée couchée,,25000,ABOMEY-CALAVI,TOGBA,TOGBA JEAN PIAGET 3,1 chambre(s) à TOGBA JEAN PIAGET 3,5,0,2026-09-24T09:02:21.491Z,2026-09-24T09:02:21.491Z,https://locapay.app/property/116327
116340,2 Chambres Salon,2.0,75000,COTONOU,13EME ARRONDISSEMENT,AGLA MAISON DU PEUPLE,2 chambre(s) à AGLA MAISON DU PEUPLE,0,0,2026-09-24T09:02:12.892Z,2026-09-24T09:02:12.894Z,https://locapay.app/property/116340
116619,5 Chambres Salon,5.0,400000,ABOMEY-CALAVI,ABOMEY-CALAVI,CALAVI ARCONVILLE,Propriété à CALAVI ARCONVILLE,0,0,2026-09-24T09:01:13.556Z,2026-09-24T09:01:13.558Z,https://locapay.app/property/116619
116460,3 Chambres Salon,3.0,150000,ABOMEY-CALAVI,ABOMEY-CALAVI,CALAVI DANS LA CITE ARCONVILLE,Propriété à CALAVI DANS LA CITE ARCONVILLE,0,0,2026-09-24T08:59:40.005Z,2026-09-24T08:59:40.063Z,https://locapay.app/property/116460
116461,1 Chambre Salon,1.0,55000,ABOMEY-CALAVI,AKASSATO,AKASSATO,1 chambre(s) à AKASSATO,0,0,2026-09-24T08:59:28.630Z,2026-09-24T08:59:28.631Z,https://locapay.app/property/116461
116496,5 Chambres Salon,5.0,1700000,COTONOU,1ER ARRONDISSEMENT,Haie Vive,Propriété à COTONOU AKPAKPA,0,0,2026-09-24T08:59:05.317Z,2026-09-24T08:59:05.362Z,https://locapay.app/property/116496
116630,Entrée couchée,,20000,Abomey-Calavi,Abomey-Calavi,Calavi Arconville,1 chambre(s) à CALAVI,0,0,2026-09-24T08:58:36.121Z,2026-09-24T08:58:36.122Z,https://locapay.app/property/116630
116259,1 Chambre Salon,1.0,32000,ABOMEY-CALAVI,ABOMEY-CALAVI,ZOUNDJA,1 chambre(s) à ZOUNDJA,0,0,2026-09-24T08:32:10.951Z,2026-09-24T08:32:11.009Z,https://locapay.app/property/116259
116271,2 Chambres Salon,2.0,55000,ABOMEY-CALAVI,ABOMEY-CALAVI,ZOGBADJE,2 chambre(s) à ZOGBADJE,0,0,2026-09-24T08:31:44.915Z,2026-09-24T08:31:44.922Z,https://locapay.app/property/116271
116277,1 Chambre Salon,1.0,65000,ABOMEY-CALAVI,TOGBA,CALAVI TOKAN,1 chambre(s) à CALAVI TOKAN,5,0,2026-09-24T08:31:25.757Z,2026-09-24T08:31:25.760Z,https://locapay.app/property/116277
116279,1 Chambre Salon,1.0,25000,ABOMEY-CALAVI,AKASSATO,MISSESSINTO,1 chambre(s) à MISSESSINTO,0,0,2026-09-24T08:30:54.373Z,2026-09-24T08:30:54.374Z,https://locapay.app/property/116279
116288,5 Chambres Salon,5.0,400000,ABOMEY-CALAVI,ABOMEY-CALAVI,CALAVI ARCONVILLE,Propriété à CALAVI ARCONVILLE,0,0,2026-09-24T08:30:40.742Z,2026-09-24T08:30:40.742Z,https://locapay.app/property/116288
116290,4 Chambres Salon,4.0,600000,COTONOU,12EME ARRONDISSEMENT,FIDJROSSE PLAGE,1 chambre(s) à FIDJROSSE PLAGE,5,0,2026-09-24T08:28:54.050Z,2026-09-24T08:28:54.051Z,https://locapay.app/property/116290
116291,1 Chambre Salon,1.0,26000,ABOMEY-CALAVI,AKASSATO,ADJAGBO,1 chambre(s) à ADJAGBO,4,0,2026-09-24T08:28:35.498Z,2026-09-24T08:28:35.499Z,https://locapay.app/property/116291
116292,1 Chambre,1.0,800000,COTONOU,13EME ARRONDISSEMENT,AGLA PYLONES,1 chambre(s) à AGLA PYLONES,1,0,2026-09-24T08:28:18.636Z,2026-09-24T08:28:18.637Z,https://locapay.app/property/116292
116301,2 Chambres Salon,2.0,30000,COTONOU,9EME ARRONDISSEMENT,FIFADJI,2 chambre(s) à FIFADJI,0,0,2026-09-24T08:27:22.228Z,2026-09-24T08:27:22.228Z,https://locapay.app/property/116301
116314,1 Chambre Salon,1.0,30000,ABOMEY-CALAVI,GODOMEY,COCOCODJI,1 chambre(s) à COCOCODJI,5,0,2026-09-24T08:26:58.153Z,2026-09-24T08:26:58.154Z,https://locapay.app/property/116314
116315,1 Chambre Salon,1.0,60000,COTONOU,12EME ARRONDISSEMENT,FIDJROSSE ADJAHA,1 chambre(s) à FIDJROSSE ADJAHA,1,0,2026-09-24T08:26:33.501Z,2026-09-24T08:26:33.505Z,https://locapay.app/property/116315
116316,1 Chambre Salon,1.0,30000,COTONOU,12EME ARRONDISSEMENT,AKOGBATO,1 chambre(s) à AKOGBATO,0,0,2026-09-24T08:26:23.640Z,2026-09-24T08:26:23.641Z,https://locapay.app/property/116316
116336,1 Chambre Salon,1.0,42000,ABOMEY-CALAVI,TOGBA,TOGBA,1 chambre(s) à TOGBA,5,0,2026-09-24T08:25:52.794Z,2026-09-24T08:25:52.794Z,https://locapay.app/property/116336
116344,5 Chambres Salon,5.0,600000,COTONOU,1ER ARRONDISSEMENT,Cotonou,1 chambre(s) à COTONOU AKPAKPA,4,0,2026-09-24T08:25:33.129Z,2026-09-24T08:25:33.129Z,https://locapay.app/property/116344
116357,Entrée couchée,,25000,ABOMEY-CALAVI,TOGBA,TOGBA JEAN PIAGET 3,1 chambre(s) à TOGBA JEAN PIAGET 3,0,0,2026-09-24T08:24:55.906Z,2026-09-24T08:24:56.014Z,https://locapay.app/property/116357
116358,2 Chambres Salon,2.0,100000,ABOMEY-CALAVI,GODOMEY,GBODJE,2 chambre(s) à GBODJE,0,0,2026-09-24T08:24:50.931Z,2026-09-24T08:24:50.933Z,https://locapay.app/property/116358
116359,1 Chambre Salon,1.0,35000,ABOMEY-CALAVI,GODOMEY,DEKOUNGBE HEDOMEY,1 chambre(s) à DEKOUNGBE HEDOMEY,0,0,2026-09-24T08:24:37.106Z,2026-09-24T08:24:37.108Z,https://locapay.app/property/116359
116360,2 Chambres Salon,2.0,75000,ABOMEY-CALAVI,ABOMEY-CALAVI,CALAVI AIDEGNON,2 chambre(s) à CALAVI AIDEGNON,0,0,2026-09-24T08:24:30.479Z,2026-09-24T08:24:30.489Z,https://locapay.app/property/116360
116370,2 Chambres Salon,2.0,150000,ABOMEY-CALAVI,ABOMEY-CALAVI,CALAVI TANKPE,2 chambre(s) à CALAVI TANKPE,5,0,2026-09-24T08:24:20.491Z,2026-09-24T08:24:20.491Z,https://locapay.app/property/116370
116371,2 Chambres Salon,2.0,100000,ABOMEY-CALAVI,GODOMEY,COCOTOMEY VON VITAL,2 chambre(s) à COCOTOMEY VON VITAL,3,0,2026-09-24T08:24:04.540Z,2026-09-24T08:24:04.674Z,https://locapay.app/property/116371
116373,2 Chambres Salon,2.0,65000,ABOMEY-CALAVI,TOGBA,CALAVI AHOSSOUGBETA,2 chambre(s) à CALAVI AHOSSOUGBETA,4,0,2026-09-24T08:23:49.191Z,2026-09-24T08:23:49.191Z,https://locapay.app/property/116373
116403,3 Chambres Salon,3.0,150000,ABOMEY-CALAVI,GODOMEY,GODOMEY DEKOUNGBE,3 chambre(s) à GODOMEY DEKOUNGBE,5,0,2026-09-24T08:23:29.138Z,2026-09-24T08:23:29.139Z,https://locapay.app/property/116403
116404,1 Chambre Salon,1.0,35000,COTONOU,13EME ARRONDISSEMENT,AGLA HOPITAL VIE ABONDANTE,1 chambre(s) à AGLA HOPITAL VIE ABONDANTE,5,0,2026-09-24T08:23:08.696Z,2026-09-24T08:23:08.699Z,https://locapay.app/property/116404
116407,Entrée couchée,,13000,ABOMEY-CALAVI,GODOMEY,GODOMEY,1 chambre(s) à GODOMEY,1,0,2026-09-24T08:22:15.708Z,2026-09-24T08:22:15.713Z,https://locapay.app/property/116407
116415,1 Chambre Salon,1.0,20000,Abomey-Calavi,Abomey-Calavi,Calavi,1 chambre(s) à CALAVI,0,0,2026-09-24T08:22:06.088Z,2026-09-24T08:22:06.091Z,https://locapay.app/property/116415
116434,5 Chambres Salon,5.0,250000,ABOMEY-CALAVI,TOGBA,CALAVI KPOTA,Propriété à CALAVI KPOTA,0,0,2026-09-24T08:21:38.363Z,2026-09-24T08:21:38.394Z,https://locapay.app/property/116434
116438,3 Chambres Salon,3.0,130000,ABOMEY-CALAVI,GODOMEY,GODOMEY,3 chambre(s) à GODOMEY,4,0,2026-09-24T08:21:31.070Z,2026-09-24T08:21:31.071Z,https://locapay.app/property/116438
116441,1 Chambre Salon,1.0,200000,COTONOU,12EME ARRONDISSEMENT,FIDJROSSE,1 chambre(s) à FIDJROSSE,5,0,2026-09-24T08:21:19.771Z,2026-09-24T08:21:19.867Z,https://locapay.app/property/116441
116447,4 Chambres Salon,4.0,150000,COTONOU,3EME ARRONDISSEMENT,MIDOMBO,1 chambre(s) à MIDOMBO,0,0,2026-09-24T08:20:51.898Z,2026-09-24T08:20:51.900Z,https://locapay.app/property/116447
116456,1 Chambre,1.0,250000,COTONOU,1ER ARRONDISSEMENT,COTONOU AGLA,1 chambre(s) à COTONOU AKPAKPA,0,0,2026-09-24T08:20:35.297Z,2026-09-24T08:20:35.298Z,https://locapay.app/property/116456
116457,2 Chambres Salon,2.0,150000,ABOMEY-CALAVI,ABOMEY-CALAVI,CALAVI TANKPE,2 chambre(s) à CALAVI TANKPE,0,0,2026-09-24T08:20:25.520Z,2026-09-24T08:20:25.521Z,https://locapay.app/property/116457
116458,Entrée couchée,,23000,ABOMEY-CALAVI,TOGBA,MARIA GLETA AWAKE,Propriété à MARIA GLETA AWAKE,0,0,2026-09-24T08:20:15.803Z,2026-09-24T08:20:15.809Z,https://locapay.app/property/116458
116462,2 Chambres Salon,2.0,75000,ABOMEY-CALAVI,ABOMEY-CALAVI,ZOPAH,2 chambre(s) à ZOPAH,0,0,2026-09-24T08:20:08.067Z,2026-09-24T08:20:08.068Z,https://locapay.app/property/116462
116463,3 Chambres Salon,3.0,150000,ABOMEY-CALAVI,ABOMEY-CALAVI,CALAVI MAIRIE,1 chambre(s) à CALAVI MAIRIE,0,0,2026-09-24T08:20:01.411Z,2026-09-24T08:20:01.413Z,https://locapay.app/property/116463
116465,1 Chambre Salon,1.0,28000,ABOMEY-CALAVI,HEVIE,HEVIE,1 chambre(s) à HEVIE,0,0,2026-09-24T08:19:45.663Z,2026-09-24T08:19:45.676Z,https://locapay.app/property/116465
116488,Entrée couchée,,15000,ABOMEY-CALAVI,TOGBA,HOUETO,Propriété à HOUETO,5,0,2026-09-24T08:19:32.550Z,2026-09-24T08:19:32.551Z,https://locapay.app/property/116488
116489,1 Chambre Salon,1.0,52000,ABOMEY-CALAVI,GODOMEY,GODOMEY GARE,1 chambre(s) à GODOMEY GARE,0,0,2026-09-24T08:19:21.609Z,2026-09-24T08:19:21.615Z,https://locapay.app/property/116489
116491,1 Chambre Salon,1.0,50000,Cotonou,13Eme Arrondissement,Agla Ceg de l'Entente,1 chambre(s) à AGLA,5,0,2026-09-24T08:19:15.154Z,2026-09-24T08:19:15.154Z,https://locapay.app/property/116491
116506,3 Chambres Salon,3.0,200000,COTONOU,9EME ARRONDISSEMENT,ZOGBO,1 chambre(s) à ZOGBO,0,0,2026-09-24T08:18:51.523Z,2026-09-24T08:18:51.635Z,https://locapay.app/property/116506
116515,Entrée couchée,,30000,ABOMEY-CALAVI,ABOMEY-CALAVI,IITA,1 chambre(s) à IITA,0,0,2026-09-24T08:18:33.307Z,2026-09-24T08:18:33.309Z,https://locapay.app/property/116515
116516,1 Chambre Salon,1.0,25000,ABOMEY-CALAVI,ABOMEY-CALAVI,ZOGBADJE,1 chambre(s) à ZOGBADJE,0,0,2026-09-24T08:18:20.959Z,2026-09-24T08:18:20.960Z,https://locapay.app/property/116516
116556,2 Chambres Salon,2.0,150000,COTONOU,8EME ARRONDISSEMENT,SAINTE RITA,1 chambre(s) à SAINTE RITA,0,0,2026-09-24T08:18:15.760Z,2026-09-24T09:29:21.832Z,https://locapay.app/property/116556
116557,2 Chambres Salon,2.0,130000,ABOMEY-CALAVI,GODOMEY,DEKOUNGBE,2 chambre(s) à DEKOUNGBE,0,0,2026-09-24T08:17:58.119Z,2026-09-24T09:29:38.246Z,https://locapay.app/property/116557
116558,2 Chambres Salon,2.0,100000,ABOMEY-CALAVI,GODOMEY,COCOTOMEY VON VITAL,2 chambre(s) à COCOTOMEY VON VITAL,0,0,2026-09-24T08:17:45.488Z,2026-09-24T08:17:45.490Z,https://locapay.app/property/116558
116618,3 Chambres Salon,3.0,1250000,Cotonou,12Eme Arrondissement,COTONOU CADJEHOUN,Propriété à COTONOU AKPAKPA,5,0,2026-09-24T08:17:35.646Z,2026-09-24T08:17:35.650Z,https://locapay.app/property/116618
116541,1 Chambre Salon,1.0,34000,ABOMEY-CALAVI,TOGBA,AIDEGNON,1 chambre(s) à AIDEGNON,5,0,2026-09-24T08:02:52.062Z,2026-09-24T08:02:52.064Z,https://locapay.app/property/116541
116504,Entrée couchée,,17000,COTONOU,13EME ARRONDISSEMENT,AGLA MAISON DU PEUPLE,1 chambre(s) à AGLA MAISON DU PEUPLE,5,0,2026-09-24T07:51:24.723Z,2026-09-24T07:51:24.724Z,https://locapay.app/property/116504
116505,3 Chambres Salon,3.0,150000,ABOMEY-CALAVI,GODOMEY,DEKOUNGBE,3 chambre(s) à DEKOUNGBE,0,0,2026-09-24T07:51:06.483Z,2026-09-24T07:51:06.484Z,https://locapay.app/property/116505
116529,2 Chambres Salon,2.0,50000,ABOMEY-CALAVI,AKASSATO,AKASSATO,2 chambre(s) à AKASSATO,0,0,2026-09-24T07:50:51.959Z,2026-09-24T07:50:51.962Z,https://locapay.app/property/116529
116531,2 Chambres Salon,2.0,100000,COTONOU,12EME ARRONDISSEMENT,FIDJROSSE CLUB DES ROIS,2 chambre(s) à FIDJROSSE CLUB DES ROIS,5,0,2026-09-24T07:50:42.423Z,2026-09-24T07:50:42.426Z,https://locapay.app/property/116531
116532,1 Chambre Salon,1.0,30000,COTONOU,9EME ARRONDISSEMENT,KINDONOU,1 chambre(s) à KINDONOU,5,0,2026-09-24T07:50:29.248Z,2026-09-24T07:50:29.249Z,https://locapay.app/property/116532
116544,1 Chambre Salon,1.0,30000,ABOMEY-CALAVI,GODOMEY,COCOCODJI,1 chambre(s) à COCOCODJI,0,0,2026-09-24T07:50:10.018Z,2026-09-24T07:50:10.021Z,https://locapay.app/property/116544
116546,1 Chambre Salon,1.0,30000,ABOMEY-CALAVI,AKASSATO,AKASSATO,1 chambre(s) à AKASSATO,5,0,2026-09-24T07:50:05.390Z,2026-09-24T07:50:05.402Z,https://locapay.app/property/116546
116553,1 Chambre Salon,1.0,47000,,,akpakpa,1 chambre(s) à agblangandan,1,0,2026-09-24T07:49:53.354Z,2026-09-24T07:49:53.354Z,https://locapay.app/property/116553
116554,3 Chambres Salon,3.0,250000,COTONOU,1ER ARRONDISSEMENT,AKPAKPA,3 chambre(s) à AKPAKPA,1,0,2026-09-24T07:49:40.812Z,2026-09-24T07:49:40.819Z,https://locapay.app/property/116554
116582,1 Chambre Salon,1.0,13000,ABOMEY-CALAVI,HEVIE,HEVIE,1 chambre(s) à HEVIE,0,0,2026-09-24T07:49:32.323Z,2026-09-24T09:52:31.431Z,https://locapay.app/property/116582
116608,3 Chambres Salon,3.0,400000,COTONOU,1ER ARRONDISSEMENT,AKPAKPA QUARTIER JACK,3 chambre(s) à AKPAKPA QUARTIER JACK,1,0,2026-09-24T07:49:20.276Z,2026-09-24T09:48:33.511Z,https://locapay.app/property/116608
116507,2 Chambres Salon,2.0,60000,ABOMEY-CALAVI,GODOMEY,ATROKPOCODJI,2 chambre(s) à ATROKPOCODJI,0,0,2026-09-24T07:31:35.851Z,2026-09-24T07:31:35.856Z,https://locapay.app/property/116507
116510,Entrée couchée,,25000,Cotonou,13Eme Arrondissement,AGLA von filao,1 chambre(s) à AGLA,0,0,2026-09-24T07:31:22.948Z,2026-09-24T07:31:22.967Z,https://locapay.app/property/116510
116521,1 Chambre Salon,1.0,30000,ABOMEY-CALAVI,TOGBA,CALAVI TOGBA,1 chambre(s) à CALAVI TOGBA,0,0,2026-09-24T07:30:55.214Z,2026-09-24T07:30:55.214Z,https://locapay.app/property/116521
116527,3 Chambres Salon,3.0,150000,COTONOU,1ER ARRONDISSEMENT,ZOGBO/COTONOU,1 chambre(s) à COTONOU AKPAKPA,0,0,2026-09-24T07:30:41.030Z,2026-09-24T07:30:41.077Z,https://locapay.app/property/116527
116528,2 Chambres Salon,2.0,60000,COTONOU,10EME ARRONDISSEMENT,VEDOKO,1 chambre(s) à VEDOKO,5,0,2026-09-24T07:30:25.857Z,2026-09-24T08:12:59.886Z,https://locapay.app/property/116528
116537,1 Chambre Salon,1.0,90000,COTONOU,13EME ARRONDISSEMENT,AGLA PYLONE,1 chambre(s) à AGLA PYLONE,0,0,2026-09-24T07:30:05.610Z,2026-09-24T07:30:05.614Z,https://locapay.app/property/116537
116539,1 Chambre Salon,1.0,31000,ABOMEY-CALAVI,HEVIE,HEVIE,1 chambre(s) à HEVIE,0,0,2026-09-24T07:29:38.919Z,2026-09-24T07:29:38.920Z,https://locapay.app/property/116539
116548,2 Chambres Salon,2.0,75000,COTONOU,13EME ARRONDISSEMENT,AGLA MAISON DU PEUPLE,2 chambre(s) à AGLA MAISON DU PEUPLE,5,0,2026-09-24T07:29:22.600Z,2026-09-24T07:29:22.605Z,https://locapay.app/property/116548
116549,2 Chambres Salon,2.0,175000,COTONOU,11EME ARRONDISSEMENT,HOUEYIHO,2 chambre(s) à HOUEYIHO,0,0,2026-09-24T07:29:02.527Z,2026-09-24T07:29:02.530Z,https://locapay.app/property/116549
116550,2 Chambres Salon,2.0,60000,COTONOU,13EME ARRONDISSEMENT,AGLA PHARMACIE LES PYLONES,2 chambre(s) à AGLA PHARMACIE LES PYLONES,5,0,2026-09-24T07:28:36.415Z,2026-09-24T07:28:36.428Z,https://locapay.app/property/116550
116574,1 Chambre Salon,1.0,40000,ABOMEY-CALAVI,ABOMEY-CALAVI,WOMEY ADJIKPE GON,1 chambre(s) à WOMEY ADJIKPE GON,4,0,2026-09-24T07:28:02.521Z,2026-09-24T07:28:02.522Z,https://locapay.app/property/116574
116581,3 Chambres Salon,3.0,150000,ABOMEY-CALAVI,ABOMEY-CALAVI,CALAVI MAIRIE,1 chambre(s) à CALAVI MAIRIE,5,0,2026-09-24T07:27:33.490Z,2026-09-24T07:27:33.492Z,https://locapay.app/property/116581
116594,1 Chambre Salon,1.0,70000,COTONOU,13EME ARRONDISSEMENT,AGLA AKPLOMEY,1 chambre(s) à AGLA AKPLOMEY,0,0,2026-09-24T07:27:11.525Z,2026-09-24T07:27:11.553Z,https://locapay.app/property/116594
116595,1 Chambre Salon,1.0,50000,ABOMEY-CALAVI,GODOMEY,DEKOUNGBE,1 chambre(s) à DEKOUNGBE,1,0,2026-09-24T07:27:01.035Z,2026-09-24T07:27:01.038Z,https://locapay.app/property/116595
116603,1 Chambre Salon,1.0,35000,ABOMEY-CALAVI,ABOMEY-CALAVI,ZOGBADJE,1 chambre(s) à ZOGBADJE,0,0,2026-09-24T07:26:46.976Z,2026-09-24T07:26:46.984Z,https://locapay.app/property/116603
116604,1 Chambre Salon,1.0,27000,ABOMEY-CALAVI,GOLO-DJIGBE,TOGBA AGONKESSA,1 chambre(s) à TOGBA AGONKESSA,0,0,2026-09-24T07:26:35.454Z,2026-09-24T07:26:35.455Z,https://locapay.app/property/116604
116605,1 Chambre Salon,1.0,35000,ABOMEY-CALAVI,TOGBA,HOUETO,1 chambre(s) à HOUETO,0,0,2026-09-24T07:26:28.436Z,2026-09-24T07:26:28.437Z,https://locapay.app/property/116605
116589,2 Chambres Salon,2.0,75000,COTONOU,13EME ARRONDISSEMENT,AGLA MAISON DU PEUPLE,2 chambre(s) à AGLA MAISON DU PEUPLE,0,0,2026-09-24T07:24:54.177Z,2026-09-24T09:42:10.744Z,https://locapay.app/property/116589
116591,Entrée couchée,,20000,COTONOU,12EME ARRONDISSEMENT,AGLA HLAZOUNTO,1 chambre(s) à AGLA HLAZOUNTO,0,0,2026-09-24T07:24:40.571Z,2026-09-24T07:24:40.571Z,https://locapay.app/property/116591
116592,3 Chambres Salon,3.0,150000,COTONOU,8EME ARRONDISSEMENT,WOLOGUEDE,3 chambre(s) à WOLOGUEDE,1,0,2026-09-24T07:24:33.755Z,2026-09-24T07:44:28.882Z,https://locapay.app/property/116592
116593,3 Chambres Salon,3.0,200000,COTONOU,GODOMEY,SIKÉCODJI,1 chambre(s) à SIKÉCODJI,1,0,2026-09-24T07:24:21.220Z,2026-09-24T07:46:12.444Z,https://locapay.app/property/116593
116597,1 Chambre Salon,1.0,23000,ABOMEY-CALAVI,TOGBA,TOKAN MOSQUEE,1 chambre(s) à TOKAN MOSQUEE,0,0,2026-09-24T07:24:09.502Z,2026-09-24T07:24:09.529Z,https://locapay.app/property/116597
116598,1 Chambre Salon,1.0,57500,COTONOU,13EME ARRONDISSEMENT,AGLA MAISON DU PEUPLE,1 chambre(s) à AGLA MAISON DU PEUPLE,5,0,2026-09-24T07:23:47.371Z,2026-09-24T09:41:48.424Z,https://locapay.app/property/116598
116599,1 Chambre Salon,1.0,52000,ABOMEY-CALAVI,GODOMEY,GODOMEY GARE,1 chambre(s) à GODOMEY GARE,5,0,2026-09-24T07:23:20.469Z,2026-09-24T09:51:48.410Z,https://locapay.app/property/116599
115936,1 Chambre,1.0,250000,COTONOU,1ER ARRONDISSEMENT,COTONOU AGLA,1 chambre(s) à COTONOU AKPAKPA,5,0,2026-09-23T16:51:54.552Z,2026-09-23T16:51:54.554Z,https://locapay.app/property/115936
115938,3 Chambres Salon,3.0,250000,COTONOU,8EME ARRONDISSEMENT,WOLOGUEDE,1 chambre(s) à WOLOGUEDE,5,0,2026-09-23T16:51:29.979Z,2026-09-23T16:51:29.980Z,https://locapay.app/property/115938
116028,4 Chambres Salon,4.0,1500000,COTONOU,1ER ARRONDISSEMENT,AKPAKPA QUARTIER JACK,1 chambre(s) à AKPAKPA QUARTIER JACK,5,0,2026-09-23T16:51:13.798Z,2026-09-23T16:51:13.903Z,https://locapay.app/property/116028
115969,1 Chambre Salon,1.0,45000,ABOMEY-CALAVI,GODOMEY,COCOCODJI,1 chambre(s) à COCOCODJI,5,0,2026-09-23T16:49:45.511Z,2026-09-23T20:01:35.308Z,https://locapay.app/property/115969
115875,3 Chambres Salon,3.0,170000,ABOMEY-CALAVI,ABOMEY-CALAVI,AITCHEDJI,1 chambre(s) à AITCHEDJI,1,0,2026-09-23T16:48:48.002Z,2026-09-23T16:48:48.006Z,https://locapay.app/property/115875
115887,2 Chambres Salon,2.0,70000,ABOMEY-CALAVI,GODOMEY,ALLEGLETA,2 chambre(s) à ALLEGLETA,0,0,2026-09-23T16:48:36.524Z,2026-09-23T21:04:50.966Z,https://locapay.app/property/115887
115902,2 Chambres Salon,2.0,75000,Abomey-Calavi,Abomey-Calavi,Calavi,1 chambre(s) à CALAVI,5,0,2026-09-23T16:48:25.328Z,2026-09-23T16:48:25.329Z,https://locapay.app/property/115902
115909,1 Chambre Salon,1.0,17000,ABOMEY-CALAVI,HEVIE,HEVIE,1 chambre(s) à HEVIE,0,0,2026-09-23T16:48:03.334Z,2026-09-23T18:27:02.591Z,https://locapay.app/property/115909
115917,1 Chambre Salon,1.0,50000,ABOMEY-CALAVI,ABOMEY-CALAVI,CALAVI ZOGBADJE,1 chambre(s) à CALAVI ZOGBADJE,5,0,2026-09-23T16:47:54.778Z,2026-09-23T17:46:55.037Z,https://locapay.app/property/115917
115960,2 Chambres Salon,2.0,100000,ABOMEY-CALAVI,GODOMEY,COCOTOMEY VON VITAL,2 chambre(s) à COCOTOMEY VON VITAL,0,0,2026-09-23T16:47:36.448Z,2026-09-23T16:47:36.448Z,https://locapay.app/property/115960
115962,1 Chambre Salon,1.0,32000,ABOMEY-CALAVI,ABOMEY-CALAVI,ZOGBADJE,1 chambre(s) à ZOGBADJE,0,1,2026-09-23T16:47:30.710Z,2026-09-23T16:47:30.712Z,https://locapay.app/property/115962
116000,1 Chambre Salon,1.0,40000,COTONOU,11EME ARRONDISSEMENT,VODJE,1 chambre(s) à VODJE,1,0,2026-09-23T16:46:54.041Z,2026-09-24T05:12:59.007Z,https://locapay.app/property/116000
116001,2 Chambres Salon,2.0,120000,ABOMEY-CALAVI,ABOMEY-CALAVI,CALAVI TANKPE,1 chambre(s) à CALAVI TANKPE,0,0,2026-09-23T16:46:45.981Z,2026-09-24T05:12:49.829Z,https://locapay.app/property/116001
116002,1 Chambre Salon,1.0,40000,ABOMEY-CALAVI,TOGBA,CALAVI TOKAN MOSQUEE,1 chambre(s) à CALAVI TOKAN MOSQUEE,0,0,2026-09-23T16:46:34.528Z,2026-09-24T01:52:09.132Z,https://locapay.app/property/116002
116090,Entrée couchée,,17000,COTONOU,13EME ARRONDISSEMENT,AGLA MAISON DU PEUPLE,1 chambre(s) à AGLA MAISON DU PEUPLE,5,0,2026-09-23T16:46:05.663Z,2026-09-24T07:52:01.025Z,https://locapay.app/property/116090
116097,2 Chambres Salon,2.0,70000,COTONOU,8EME ARRONDISSEMENT,SAINTE RITA,2 chambre(s) à SAINTE RITA,5,0,2026-09-23T16:45:54.807Z,2026-09-23T19:43:03.463Z,https://locapay.app/property/116097
116156,1 Chambre Salon,1.0,28000,ABOMEY-CALAVI,ABOMEY-CALAVI,CALAVI AITCHEDJI,1 chambre(s) à CALAVI AITCHEDJI,0,0,2026-09-23T16:45:40.635Z,2026-09-23T21:03:14.575Z,https://locapay.app/property/116156
116157,3 Chambres Salon,3.0,140000,ABOMEY-CALAVI,ABOMEY-CALAVI,ZOCA,3 chambre(s) à ZOCA,0,0,2026-09-23T16:45:30.842Z,2026-09-23T21:03:26.991Z,https://locapay.app/property/116157
116174,3 Chambres Salon,3.0,130000,ABOMEY-CALAVI,GODOMEY,GODOMEY,3 chambre(s) à GODOMEY,1,0,2026-09-23T16:45:24.660Z,2026-09-23T18:36:04.011Z,https://locapay.app/property/116174
116175,1 Chambre Salon,1.0,30000,ABOMEY-CALAVI,GODOMEY,COCOCODJI,1 chambre(s) à COCOCODJI,1,0,2026-09-23T16:45:15.733Z,2026-09-23T18:36:19.289Z,https://locapay.app/property/116175
116196,1 Chambre Salon,1.0,22000,ABOMEY-CALAVI,TOGBA,DJADJO,1 chambre(s) à DJADJO,0,0,2026-09-23T16:45:10.202Z,2026-09-23T17:27:16.202Z,https://locapay.app/property/116196
116198,2 Chambres Salon,2.0,100000,COTONOU,10EME ARRONDISSEMENT,VEDOKO,2 chambre(s) à VEDOKO,5,0,2026-09-23T16:45:03.476Z,2026-09-23T16:45:03.477Z,https://locapay.app/property/116198
115861,2 Chambres Salon,2.0,220000,COTONOU,10EME ARRONDISSEMENT,VEDOCO,2 chambre(s) à VEDOCO,4,0,2026-09-23T16:44:25.906Z,2026-09-23T16:44:25.909Z,https://locapay.app/property/115861
115891,Entrée couchée,,12000,ABOMEY-CALAVI,AKASSATO,ADJAGBO,Propriété à ADJAGBO,4,0,2026-09-23T16:43:56.999Z,2026-09-23T16:43:57.000Z,https://locapay.app/property/115891
115893,1 Chambre Salon,1.0,35000,Abomey-Calavi,Abomey-Calavi,calavi womey,1 chambre(s) à CALAVI,1,0,2026-09-23T16:43:39.925Z,2026-09-24T02:19:40.250Z,https://locapay.app/property/115893
115894,2 Chambres Salon,2.0,200000,COTONOU,13EME ARRONDISSEMENT,AGLA PETIT A PETIT 2,Propriété à AGLA PETIT A PETIT 2,0,0,2026-09-23T16:43:30.488Z,2026-09-23T16:43:30.746Z,https://locapay.app/property/115894
115897,2 Chambres Salon,2.0,130000,ABOMEY-CALAVI,GODOMEY,DECOUGBE,2 chambre(s) à DECOUGBE,1,0,2026-09-23T16:43:04.604Z,2026-09-23T19:25:33.724Z,https://locapay.app/property/115897
115903,Entrée couchée,,25000,COTONOU,13EME ARRONDISSEMENT,AGLA VON FILAO,1 chambre(s) à AGLA VON FILAO,5,0,2026-09-23T16:42:54.876Z,2026-09-24T03:34:34.064Z,https://locapay.app/property/115903
115905,3 Chambres Salon,3.0,80000,COTONOU,13EME ARRONDISSEMENT,AGLA MAISON DU PEUPLE,3 chambre(s) à AGLA MAISON DU PEUPLE,5,0,2026-09-23T16:42:38.959Z,2026-09-23T16:42:38.959Z,https://locapay.app/property/115905
115907,2 Chambres Salon,2.0,55000,ABOMEY-CALAVI,ABOMEY-CALAVI,ZOGBADJE,2 chambre(s) à ZOGBADJE,5,0,2026-09-23T16:42:27.774Z,2026-09-24T03:34:20.956Z,https://locapay.app/property/115907
115912,3 Chambres Salon,3.0,160000,ABOMEY-CALAVI,GODOMEY,GODOMEY ATICO,3 chambre(s) à GODOMEY ATICO,5,0,2026-09-23T16:42:15.563Z,2026-09-23T17:33:21.211Z,https://locapay.app/property/115912
115913,2 Chambres Salon,2.0,170000,COTONOU,1ER ARRONDISSEMENT,AKPAKPA,2 chambre(s) à AKPAKPA,1,0,2026-09-23T16:42:02.289Z,2026-09-23T16:42:02.291Z,https://locapay.app/property/115913
115928,1 Chambre Salon,1.0,20000,Abomey-Calavi,Godomey,Maria gléta,1 chambre(s) à KPONDEHOU,0,1,2026-09-23T16:41:11.050Z,2026-09-23T16:41:11.060Z,https://locapay.app/property/115928
115931,3 Chambres Salon,3.0,800000,COTONOU,12EME ARRONDISSEMENT,FIDJROSSE AKOGBATO,3 chambre(s) à FIDJROSSE AKOGBATO,1,0,2026-09-23T16:40:31.096Z,2026-09-23T16:40:31.096Z,https://locapay.app/property/115931
115932,3 Chambres Salon,3.0,140000,Abomey-Calavi,Abomey-Calavi,Calavi Zoca,3 chambre(s) à CALAVI,1,0,2026-09-23T16:40:22.212Z,2026-09-23T16:40:22.219Z,https://locapay.app/property/115932
115933,4 Chambres Salon,4.0,600000,COTONOU,12EME ARRONDISSEMENT,FIDJROSSE PLAGE,1 chambre(s) à FIDJROSSE PLAGE,5,0,2026-09-23T16:40:13.468Z,2026-09-23T16:40:13.468Z,https://locapay.app/property/115933
115935,3 Chambres Salon,3.0,500000,COTONOU,12EME ARRONDISSEMENT,FIDJROSSE PLAGE,3 chambre(s) à FIDJROSSE PLAGE,5,0,2026-09-23T16:39:55.862Z,2026-09-23T16:39:56.014Z,https://locapay.app/property/115935
116003,1 Chambre Salon,1.0,65000,ABOMEY-CALAVI,TOGBA,TOKAN,1 chambre(s) à TOKAN,5,0,2026-09-23T16:39:00.128Z,2026-09-23T18:37:39.664Z,https://locapay.app/property/116003
116004,Entrée couchée,,22000,COTONOU,2EME ARRONDISSEMENT,MINONTCHOU,1 chambre(s) à MINONTCHOU,0,0,2026-09-23T16:38:48.783Z,2026-09-23T16:38:48.783Z,https://locapay.app/property/116004
116033,2 Chambres Salon,2.0,100000,Cotonou,13Eme Arrondissement,Agla commissariat,2 chambre(s) à AGLA,1,0,2026-09-23T16:38:30.642Z,2026-09-23T21:04:31.853Z,https://locapay.app/property/116033
116040,2 Chambres Salon,2.0,150000,COTONOU,1ER ARRONDISSEMENT,AKPAKPA SENADE,2 chambre(s) à AKPAKPA SENADE,1,0,2026-09-23T16:38:05.642Z,2026-09-24T01:50:19.530Z,https://locapay.app/property/116040
116065,3 Chambres Salon,3.0,200000,COTONOU,GODOMEY,STADE DE L'AMITIÉ,1 chambre(s) à STADE DE L'AMITIÉ,0,0,2026-09-23T16:37:52.496Z,2026-09-23T16:37:52.498Z,https://locapay.app/property/116065
116066,2 Chambres Salon,2.0,80000,COTONOU,12EME ARRONDISSEMENT,FIDJROSSE AKOGBATO,2 chambre(s) à FIDJROSSE AKOGBATO,0,0,2026-09-23T16:37:50.459Z,2026-09-23T16:37:50.460Z,https://locapay.app/property/116066
116068,3 Chambres Salon,3.0,250000,COTONOU,13EME ARRONDISSEMENT,AGLA PYLONES,1 chambre(s) à AGLA PYLONES,0,0,2026-09-23T16:37:41.592Z,2026-09-23T16:37:41.596Z,https://locapay.app/property/116068
116077,1 Chambre Salon,1.0,23000,ABOMEY-CALAVI,TOGBA,CALAVI TOKAN,1 chambre(s) à CALAVI TOKAN,0,0,2026-09-23T16:37:27.804Z,2026-09-24T00:50:42.541Z,https://locapay.app/property/116077
116122,3 Chambres Salon,3.0,350000,COTONOU,12EME ARRONDISSEMENT,FIDJROSSE,3 chambre(s) à FIDJROSSE,5,0,2026-09-23T16:36:52.790Z,2026-09-23T16:36:52.842Z,https://locapay.app/property/116122
116137,1 Chambre Salon,1.0,31000,ABOMEY-CALAVI,ABOMEY-CALAVI,WOMEY,1 chambre(s) à WOMEY,1,0,2026-09-23T16:36:35.132Z,2026-09-23T18:45:38.212Z,https://locapay.app/property/116137
116142,1 Chambre Salon,1.0,50000,ABOMEY-CALAVI,AKASSATO,AKASSATO,1 chambre(s) à AKASSATO,1,0,2026-09-23T16:36:22.772Z,2026-09-23T18:28:10.562Z,https://locapay.app/property/116142
116154,Entrée couchée,,12000,ABOMEY-CALAVI,GODOMEY,SEDEGBE,1 chambre(s) à SEDEGBE,0,0,2026-09-23T16:36:02.267Z,2026-09-23T16:36:02.270Z,https://locapay.app/property/116154
116164,1 Chambre Salon,1.0,25000,ABOMEY-CALAVI,HEVIE,HEVIE,1 chambre(s) à HEVIE,0,0,2026-09-23T16:35:55.886Z,2026-09-23T16:35:55.887Z,https://locapay.app/property/116164
116176,1 Chambre Salon,1.0,25000,ABOMEY-CALAVI,GODOMEY,COCOTOMEY,1 chambre(s) à COCOTOMEY,0,0,2026-09-23T16:35:40.030Z,2026-09-24T02:04:06.316Z,https://locapay.app/property/116176
116177,1 Chambre Salon,1.0,30000,ABOMEY-CALAVI,TOGBA,AHOSSOUGBETA,1 chambre(s) à AHOSSOUGBETA,5,0,2026-09-23T16:35:39.590Z,2026-09-23T16:35:39.591Z,https://locapay.app/property/116177
116184,1 Chambre Salon,1.0,25000,ABOMEY-CALAVI,ABOMEY-CALAVI,CALAVI ZOGBADJE,1 chambre(s) à CALAVI ZOGBADJE,0,0,2026-09-23T16:35:06.984Z,2026-09-23T18:25:34.094Z,https://locapay.app/property/116184
116191,1 Chambre Salon,1.0,50000,ABOMEY-CALAVI,ABOMEY-CALAVI,CALAVI ZOGBADJE,1 chambre(s) à CALAVI ZOGBADJE,0,0,2026-09-23T16:35:02.058Z,2026-09-23T18:27:33.861Z,https://locapay.app/property/116191
116034,1 Chambre Salon,1.0,30000,COTONOU,12EME ARRONDISSEMENT,AKOGBATO,1 chambre(s) à AKOGBATO,1,0,2026-09-23T16:34:21.884Z,2026-09-23T21:04:42.115Z,https://locapay.app/property/116034
116036,Entrée couchée,,14000,ABOMEY-CALAVI,TOGBA,TOKAN,Propriété à TOKAN,0,0,2026-09-23T16:34:10.466Z,2026-09-23T16:34:10.468Z,https://locapay.app/property/116036
116037,4 Chambres Salon,4.0,400000,Cotonou,1Er Arrondissement,AKPAKPA PK10,4 chambre(s) à AKPAKPA,1,0,2026-09-23T16:34:03.241Z,2026-09-23T16:34:03.242Z,https://locapay.app/property/116037
116038,3 Chambres Salon,3.0,700000,COTONOU,12EME ARRONDISSEMENT,FIDJROSSE PLAGE,3 chambre(s) à FIDJROSSE PLAGE,0,0,2026-09-23T16:33:22.309Z,2026-09-23T19:56:59.579Z,https://locapay.app/property/116038
116039,2 Chambres Salon,2.0,150000,COTONOU,1ER ARRONDISSEMENT,AKPAKPA SENADE,2 chambre(s) à AKPAKPA SENADE,0,0,2026-09-23T16:33:11.274Z,2026-09-24T01:50:25.108Z,https://locapay.app/property/116039
116052,3 Chambres Salon,3.0,300000,COTONOU,12EME ARRONDISSEMENT,FIDJROSSE AKOGBATO,Propriété à FIDJROSSE AKOGBATO,5,0,2026-09-23T16:33:03.774Z,2026-09-23T16:33:04.022Z,https://locapay.app/property/116052
116059,1 Chambre Salon,1.0,37000,ABOMEY-CALAVI,GODOMEY,ATROKPOCODJI,1 chambre(s) à ATROKPOCODJI,1,0,2026-09-23T16:32:30.554Z,2026-09-23T17:20:04.843Z,https://locapay.app/property/116059
116060,1 Chambre Salon,1.0,46000,ABOMEY-CALAVI,ABOMEY-CALAVI,PARANA,1 chambre(s) à PARANA,3,0,2026-09-23T16:32:10.804Z,2026-09-23T17:21:19.584Z,https://locapay.app/property/116060
116080,2 Chambres Salon,2.0,100000,COTONOU,12EME ARRONDISSEMENT,FIDJROSSE CLUB DES ROIS,2 chambre(s) à FIDJROSSE CLUB DES ROIS,5,0,2026-09-23T16:30:58.051Z,2026-09-24T02:19:52.639Z,https://locapay.app/property/116080
116083,3 Chambres Salon,3.0,200000,COTONOU,1ER ARRONDISSEMENT,ZOGBO/COTONOU,1 chambre(s) à COTONOU AKPAKPA,1,0,2026-09-23T16:30:44.378Z,2026-09-23T22:56:02.356Z,https://locapay.app/property/116083
116094,1 Chambre Salon,1.0,40000,ABOMEY-CALAVI,TOGBA,CALAVI TOKAN,1 chambre(s) à CALAVI TOKAN,5,0,2026-09-23T16:30:13.568Z,2026-09-23T20:04:06.170Z,https://locapay.app/property/116094
116110,3 Chambres Salon,3.0,80000,COTONOU,13EME ARRONDISSEMENT,AGLA MAISON DU PEUPLE,3 chambre(s) à AGLA MAISON DU PEUPLE,5,0,2026-09-23T16:30:04.664Z,2026-09-23T16:30:04.671Z,https://locapay.app/property/116110
116111,Entrée couchée,,25000,ABOMEY-CALAVI,TOGBA,TOGBA JEAN PIAGET 3,1 chambre(s) à TOGBA JEAN PIAGET 3,0,0,2026-09-23T16:29:51.244Z,2026-09-23T21:05:05.852Z,https://locapay.app/property/116111
116112,1 Chambre Salon,1.0,60000,ABOMEY-CALAVI,TOGBA,CALAVI TOKAN,1 chambre(s) à CALAVI TOKAN,5,0,2026-09-23T16:29:43.760Z,2026-09-23T16:29:43.761Z,https://locapay.app/property/116112
116119,1 Chambre Salon,1.0,37000,Cotonou,12Eme Arrondissement,AGLA HLAZOUNTO ZONE DE HÔPITAL VIE ABONDANTE,1 chambre(s) à AGLA,5,0,2026-09-23T16:29:26.223Z,2026-09-23T20:28:15.769Z,https://locapay.app/property/116119
116120,2 Chambres Salon,2.0,75000,COTONOU,13EME ARRONDISSEMENT,AGLA,2 chambre(s) à AGLA,2,0,2026-09-23T16:28:39.764Z,2026-09-23T16:28:39.768Z,https://locapay.app/property/116120
116129,1 Chambre Salon,1.0,35000,ABOMEY-CALAVI,ABOMEY-CALAVI,TANKPE,1 chambre(s) à TANKPE,0,0,2026-09-23T16:27:44.580Z,2026-09-23T18:20:59.594Z,https://locapay.app/property/116129
116131,1 Chambre Salon,1.0,50000,ABOMEY-CALAVI,TOGBA,AHOSSOUGBETA,1 chambre(s) à AHOSSOUGBETA,0,0,2026-09-23T16:27:36.541Z,2026-09-23T19:13:15.471Z,https://locapay.app/property/116131
116150,2 Chambres Salon,2.0,75000,COTONOU,13EME ARRONDISSEMENT,AGLA MAISON DU PEUPLE,2 chambre(s) à AGLA MAISON DU PEUPLE,0,0,2026-09-23T16:27:18.832Z,2026-09-23T18:45:32.082Z,https://locapay.app/property/116150
116153,1 Chambre Salon,1.0,41500,COTONOU,13EME ARRONDISSEMENT,AGLA LES PYLONES,1 chambre(s) à AGLA LES PYLONES,0,0,2026-09-23T16:26:46.462Z,2026-09-24T02:00:09.047Z,https://locapay.app/property/116153
116159,1 Chambre Salon,1.0,25000,ABOMEY-CALAVI,ABOMEY-CALAVI,CALAVI SEMINAIRE,1 chambre(s) à CALAVI SEMINAIRE,0,0,2026-09-23T16:26:43.000Z,2026-09-23T21:03:34.853Z,https://locapay.app/property/116159
116161,1 Chambre Salon,1.0,13000,ABOMEY-CALAVI,HEVIE,HEVIE,1 chambre(s) à HEVIE,0,0,2026-09-23T16:26:33.941Z,2026-09-23T21:04:13.622Z,https://locapay.app/property/116161
116162,2 Chambres Salon,2.0,60000,ABOMEY-CALAVI,ABOMEY-CALAVI,CALAVI ZOUNDJA,2 chambre(s) à CALAVI ZOUNDJA,0,0,2026-09-23T16:26:29.632Z,2026-09-23T21:04:56.940Z,https://locapay.app/property/116162
116163,1 Chambre Salon,1.0,40000,ABOMEY-CALAVI,TOGBA,AIDEGNON,1 chambre(s) à AIDEGNON,0,0,2026-09-23T16:26:15.162Z,2026-09-23T16:26:15.172Z,https://locapay.app/property/116163
116171,1 Chambre Salon,1.0,40000,COTONOU,12EME ARRONDISSEMENT,FIDJROSSE,1 chambre(s) à FIDJROSSE,1,0,2026-09-23T16:25:42.129Z,2026-09-24T05:17:34.297Z,https://locapay.app/property/116171
116172,3 Chambres Salon,3.0,120000,COTONOU,9EME ARRONDISSEMENT,KINDONOU,3 chambre(s) à KINDONOU,5,0,2026-09-23T16:25:34.208Z,2026-09-23T19:13:53.258Z,https://locapay.app/property/116172
116173,1 Chambre Salon,1.0,120000,COTONOU,7EME ARRONDISSEMENT,ST MICHEL,1 chambre(s) à ST MICHEL,2,0,2026-09-23T16:25:17.364Z,2026-09-23T18:14:10.787Z,https://locapay.app/property/116173
116180,1 Chambre Salon,1.0,40000,ABOMEY-CALAVI,ABOMEY-CALAVI,CALAVI PARANA,1 chambre(s) à CALAVI PARANA,1,0,2026-09-23T16:25:02.604Z,2026-09-23T16:25:02.607Z,https://locapay.app/property/116180
116181,1 Chambre Salon,1.0,25000,ABOMEY-CALAVI,HEVIE,HEVIE,1 chambre(s) à HEVIE,0,0,2026-09-23T16:24:54.230Z,2026-09-23T19:51:21.050Z,https://locapay.app/property/116181
116182,1 Chambre Salon,1.0,35000,ABOMEY-CALAVI,TOGBA,TOKAN,1 chambre(s) à TOKAN,0,0,2026-09-23T16:24:50.649Z,2026-09-23T16:24:50.650Z,https://locapay.app/property/116182
116183,2 Chambres Salon,2.0,110000,ABOMEY-CALAVI,ABOMEY-CALAVI,ZOCA,2 chambre(s) à ZOCA,0,0,2026-09-23T16:24:41.555Z,2026-09-23T18:25:08.556Z,https://locapay.app/property/116183
116185,1 Chambre Salon,1.0,35000,ABOMEY-CALAVI,GODOMEY,MARIAGLETA,1 chambre(s) à MARIAGLETA,0,0,2026-09-23T16:24:37.997Z,2026-09-23T18:19:29.950Z,https://locapay.app/property/116185
116186,1 Chambre Salon,1.0,20000,ABOMEY-CALAVI,AKASSATO,CALAVI OUEDO ADJAGBO,1 chambre(s) à CALAVI OUEDO ADJAGBO,1,0,2026-09-23T16:24:29.638Z,2026-09-23T17:24:39.124Z,https://locapay.app/property/116186
116188,1 Chambre Salon,1.0,25000,ABOMEY-CALAVI,TOGBA,HOUETO,1 chambre(s) à HOUETO,0,0,2026-09-23T16:24:05.926Z,2026-09-23T17:30:19.716Z,https://locapay.app/property/116188
116145,5 Chambres Salon,5.0,250000,COTONOU,13EME ARRONDISSEMENT,AGLA LES PYLONES,1 chambre(s) à AGLA LES PYLONES,5,0,2026-09-23T15:48:54.913Z,2026-09-23T15:48:54.914Z,https://locapay.app/property/116145
116146,3 Chambres Salon,3.0,80000,COTONOU,13EME ARRONDISSEMENT,AGLA MAISON DU PEUPLE,3 chambre(s) à AGLA MAISON DU PEUPLE,5,0,2026-09-23T15:48:30.412Z,2026-09-23T15:48:30.416Z,https://locapay.app/property/116146
116147,1 Chambre Salon,1.0,30000,ABOMEY-CALAVI,HEVIE,HEVIE,1 chambre(s) à HEVIE,4,0,2026-09-23T15:48:06.498Z,2026-09-23T15:48:06.499Z,https://locapay.app/property/116147
116148,1 Chambre Salon,1.0,25000,ABOMEY-CALAVI,ABOMEY-CALAVI,CALAVI SEMINAIRE,1 chambre(s) à CALAVI SEMINAIRE,5,0,2026-09-23T15:47:41.105Z,2026-09-23T19:02:25.306Z,https://locapay.app/property/116148
108631,2 Chambres Salon,2.0,100000,Abomey-Calavi,Godomey,Togbin-Daho,Non défini,0,1,2026-09-23T13:21:54.510Z,2026-09-23T13:21:56.136Z,https://locapay.app/property/108631
115989,1 Chambre Salon,1.0,32000,Abomey-Calavi,Abomey-Calavi,Calavi,Non défini,0,1,2026-09-23T13:21:26.839Z,2026-09-23T13:22:18.744Z,https://locapay.app/property/115989
109303,2 Chambres Salon,2.0,150000,Abomey-Calavi,Godomey,Godome,Non défini,0,1,2026-09-23T13:19:11.963Z,2026-09-23T13:19:12.056Z,https://locapay.app/property/109303
115848,1 Chambre Salon,1.0,75000,Cotonou,13Eme Arrondissement,AGLA,Non défini,1,0,2026-09-23T11:21:47.961Z,2026-09-23T11:21:48.230Z,https://locapay.app/property/115848
115839,2 Chambres Salon,2.0,80000,Abomey-Calavi,Godomey,GODOMEY,Non défini,1,0,2026-09-23T11:06:34.951Z,2026-09-23T11:06:35.189Z,https://locapay.app/property/115839
114881,1 Chambre Salon,1.0,22000,ABOMEY-CALAVI,TOGBA,CALAVI TOGBA,1 chambre(s) à CALAVI TOGBA,4,0,2026-09-23T09:52:43.489Z,2026-09-23T09:52:43.491Z,https://locapay.app/property/114881
114930,1 Chambre Salon,1.0,21000,ABOMEY-CALAVI,GODOMEY,GODOMEY ECHANGEUR,1 chambre(s) à GODOMEY ECHANGEUR,0,0,2026-09-23T09:52:03.408Z,2026-09-23T09:52:03.409Z,https://locapay.app/property/114930
115256,3 Chambres Salon,3.0,100000,COTONOU,1ER ARRONDISSEMENT,AKPAKPA,3 chambre(s) à AKPAKPA,1,0,2026-09-23T09:51:01.936Z,2026-09-23T09:51:01.936Z,https://locapay.app/property/115256
115259,Entrée couchée,,25000,ABOMEY-CALAVI,ABOMEY-CALAVI,WOMEY,1 chambre(s) à WOMEY,2,0,2026-09-23T09:50:49.469Z,2026-09-23T09:50:49.473Z,https://locapay.app/property/115259
115372,2 Chambres Salon,2.0,60000,ABOMEY-CALAVI,ABOMEY-CALAVI,TANKPE,2 chambre(s) à TANKPE,5,0,2026-09-23T09:50:16.381Z,2026-09-23T09:50:16.407Z,https://locapay.app/property/115372
115503,2 Chambres Salon,2.0,60000,ABOMEY-CALAVI,ABOMEY-CALAVI,CALAVI ZOUNDJA,2 chambre(s) à CALAVI ZOUNDJA,0,0,2026-09-23T09:49:43.032Z,2026-09-23T09:49:43.032Z,https://locapay.app/property/115503
115035,1 Chambre Salon,1.0,60000,ABOMEY-CALAVI,TOGBA,TOKAN,1 chambre(s) à TOKAN,5,0,2026-09-23T09:47:48.219Z,2026-09-23T09:47:48.221Z,https://locapay.app/property/115035
115041,2 Chambres Salon,2.0,75000,ABOMEY-CALAVI,TOGBA,CALAVI DJADJO,2 chambre(s) à CALAVI DJADJO,0,0,2026-09-23T09:47:27.598Z,2026-09-23T09:47:27.600Z,https://locapay.app/property/115041
115092,1 Chambre Salon,1.0,20000,ABOMEY-CALAVI,ABOMEY-CALAVI,AITCHEDJI,1 chambre(s) à AITCHEDJI,5,0,2026-09-23T09:46:52.332Z,2026-09-23T09:46:52.333Z,https://locapay.app/property/115092
115093,2 Chambres Salon,2.0,85000,ABOMEY-CALAVI,ABOMEY-CALAVI,TANKPE,1 chambre(s) à TANKPE,5,0,2026-09-23T09:46:39.209Z,2026-09-23T09:46:39.210Z,https://locapay.app/property/115093
115095,Entrée couchée,,27000,Abomey-Calavi,Godomey,GODOMEY ECHANGEUR,1 chambre(s) à MENONTIN,0,0,2026-09-23T09:46:13.308Z,2026-09-23T09:46:13.310Z,https://locapay.app/property/115095
115143,Entrée couchée,,20000,ABOMEY-CALAVI,TOGBA,CALAVI TOGBA,1 chambre(s) à CALAVI TOGBA,0,0,2026-09-23T09:45:54.213Z,2026-09-23T09:45:54.221Z,https://locapay.app/property/115143
115158,2 Chambres Salon,2.0,60000,ABOMEY-CALAVI,ABOMEY-CALAVI,WOMEY SAINT BENOIT,2 chambre(s) à WOMEY SAINT BENOIT,0,0,2026-09-23T09:45:43.565Z,2026-09-23T09:45:43.577Z,https://locapay.app/property/115158
115165,1 Chambre Salon,1.0,30000,ABOMEY-CALAVI,TOGBA,CALAVI TOKAN,1 chambre(s) à CALAVI TOKAN,5,0,2026-09-23T09:45:34.947Z,2026-09-23T09:45:34.948Z,https://locapay.app/property/115165
115178,1 Chambre,1.0,250000,Cotonou,13Eme Arrondissement,COTONOU AGLA,1 chambre(s) à COTONOU AKPAKPA,0,0,2026-09-23T09:45:24.977Z,2026-09-23T09:45:24.978Z,https://locapay.app/property/115178
115220,1 Chambre Salon,1.0,18000,ABOMEY-CALAVI,ABOMEY-CALAVI,CALAVI ST LOUIS,1 chambre(s) à CALAVI ST LOUIS,0,0,2026-09-23T09:44:42.705Z,2026-09-23T09:44:42.707Z,https://locapay.app/property/115220
115243,2 Chambres Salon,2.0,53000,ABOMEY-CALAVI,GODOMEY,HEDOMEY,2 chambre(s) à HEDOMEY,1,0,2026-09-23T09:44:34.360Z,2026-09-23T09:44:34.360Z,https://locapay.app/property/115243
115291,1 Chambre Salon,1.0,40000,ABOMEY-CALAVI,GODOMEY,COCOTOMEY,1 chambre(s) à COCOTOMEY,1,0,2026-09-23T09:44:15.707Z,2026-09-23T09:44:15.731Z,https://locapay.app/property/115291
115504,2 Chambres Salon,2.0,150000,ABOMEY-CALAVI,GODOMEY,GODOMEY,2 chambre(s) à GODOMEY,10,0,2026-09-23T09:43:53.213Z,2026-09-23T09:43:53.215Z,https://locapay.app/property/115504
115768,1 Chambre Salon,1.0,90000,Cotonou,12Eme Arrondissement,AGLA HLAZOUNTO,1 chambre(s) à AGLA,0,0,2026-09-23T09:43:29.266Z,2026-09-23T09:43:29.273Z,https://locapay.app/property/115768
115073,1 Chambre Salon,1.0,45000,ABOMEY-CALAVI,GODOMEY,GODOMEY FIGNONHOU,1 chambre(s) à GODOMEY FIGNONHOU,0,0,2026-09-23T09:34:21.032Z,2026-09-23T09:34:21.033Z,https://locapay.app/property/115073
115075,2 Chambres Salon,2.0,65000,ABOMEY-CALAVI,GODOMEY,ZICO,1 chambre(s) à ZICO,0,0,2026-09-23T09:34:10.463Z,2026-09-23T09:34:10.585Z,https://locapay.app/property/115075
115087,3 Chambres Salon,3.0,200000,ABOMEY-CALAVI,GODOMEY,GODOMEY MAGASIN,1 chambre(s) à GODOMEY MAGASIN,5,0,2026-09-23T09:33:54.083Z,2026-09-23T09:33:54.084Z,https://locapay.app/property/115087
115088,1 Chambre Salon,1.0,40000,COTONOU,1ER ARRONDISSEMENT,AKPAKPA,1 chambre(s) à AKPAKPA,1,0,2026-09-23T09:33:31.021Z,2026-09-23T09:33:31.021Z,https://locapay.app/property/115088
115090,3 Chambres Salon,3.0,100000,ABOMEY-CALAVI,ABOMEY-CALAVI,AITCHEDJI,1 chambre(s) à AITCHEDJI,5,0,2026-09-23T09:33:17.918Z,2026-09-23T09:33:17.928Z,https://locapay.app/property/115090
115091,1 Chambre Salon,1.0,70000,Abomey-Calavi,Abomey-Calavi,Calavi Tankpe,1 chambre(s) à CALAVI,1,0,2026-09-23T09:33:00.912Z,2026-09-23T09:33:00.913Z,https://locapay.app/property/115091
115102,1 Chambre Salon,1.0,45000,ABOMEY-CALAVI,AKASSATO,AKASSATO,1 chambre(s) à AKASSATO,0,0,2026-09-23T09:32:40.802Z,2026-09-23T09:32:40.803Z,https://locapay.app/property/115102
115103,1 Chambre Salon,1.0,35000,ABOMEY-CALAVI,GODOMEY,AGASSA GODOMEY,1 chambre(s) à AGASSA GODOMEY,0,0,2026-09-23T09:32:32.165Z,2026-09-23T09:32:32.168Z,https://locapay.app/property/115103
115104,1 Chambre Salon,1.0,35000,ABOMEY-CALAVI,AKASSATO,MISSESSINTO,1 chambre(s) à MISSESSINTO,0,0,2026-09-23T09:32:26.506Z,2026-09-23T09:32:26.507Z,https://locapay.app/property/115104
115133,3 Chambres Salon,3.0,550000,COTONOU,12EME ARRONDISSEMENT,FIDJROSSE,1 chambre(s) à FIDJROSSE,5,0,2026-09-23T09:32:13.256Z,2026-09-23T09:32:13.256Z,https://locapay.app/property/115133
115142,2 Chambres Salon,2.0,75000,ABOMEY-CALAVI,TOGBA,CALAVI HOUETO,2 chambre(s) à CALAVI HOUETO,5,0,2026-09-23T09:31:37.456Z,2026-09-23T09:31:37.457Z,https://locapay.app/property/115142
115148,2 Chambres Salon,2.0,53000,ABOMEY-CALAVI,GODOMEY,DEKOUNGBE HEDOMEY,2 chambre(s) à DEKOUNGBE HEDOMEY,0,0,2026-09-23T09:31:22.196Z,2026-09-23T09:31:22.197Z,https://locapay.app/property/115148
115188,3 Chambres Salon,3.0,120000,COTONOU,13EME ARRONDISSEMENT,AGLA,3 chambre(s) à AGLA,5,0,2026-09-23T09:30:50.869Z,2026-09-23T09:30:50.874Z,https://locapay.app/property/115188
115195,1 Chambre Salon,1.0,60000,ABOMEY-CALAVI,TOGBA,TOKAN,1 chambre(s) à TOKAN,0,0,2026-09-23T09:30:22.285Z,2026-09-23T09:30:22.393Z,https://locapay.app/property/115195
115207,1 Chambre Salon,1.0,38000,ABOMEY-CALAVI,GODOMEY,GODOMEY DEKOUNGBE,1 chambre(s) à GODOMEY DEKOUNGBE,5,0,2026-09-23T09:30:09.225Z,2026-09-23T09:30:09.230Z,https://locapay.app/property/115207
115246,1 Chambre Salon,1.0,18000,ABOMEY-CALAVI,GODOMEY,COCOTOMEY,1 chambre(s) à COCOTOMEY,0,0,2026-09-23T09:29:23.231Z,2026-09-23T09:29:23.233Z,https://locapay.app/property/115246
115274,3 Chambres Salon,3.0,400000,Cotonou,10Eme Arrondissement,Cotonou St Rita,1 chambre(s) à COTONOU AKPAKPA,5,0,2026-09-23T09:29:12.488Z,2026-09-23T09:29:12.492Z,https://locapay.app/property/115274
115275,1 Chambre Salon,1.0,40000,ABOMEY-CALAVI,AKASSATO,GBETAGBO,1 chambre(s) à GBETAGBO,1,0,2026-09-23T09:28:49.002Z,2026-09-23T09:28:49.003Z,https://locapay.app/property/115275
115293,1 Chambre Salon,1.0,30000,ABOMEY-CALAVI,ABOMEY-CALAVI,CALAVI DJENONTIN,1 chambre(s) à CALAVI DJENONTIN,5,0,2026-09-23T09:28:30.235Z,2026-09-23T09:28:30.239Z,https://locapay.app/property/115293
115316,1 Chambre Salon,1.0,45000,ABOMEY-CALAVI,GODOMEY,COCOCODJI,1 chambre(s) à COCOCODJI,5,0,2026-09-23T09:27:45.557Z,2026-09-23T09:27:45.558Z,https://locapay.app/property/115316
115374,2 Chambres Salon,2.0,70000,COTONOU,13EME ARRONDISSEMENT,AGLA VON,1 chambre(s) à AGLA VON,5,0,2026-09-23T09:27:12.444Z,2026-09-23T09:27:12.449Z,https://locapay.app/property/115374
115375,1 Chambre Salon,1.0,40000,Abomey-Calavi,Abomey-Calavi,Calavi Parana,1 chambre(s) à BAKITA ECOLE,0,1,2026-09-23T09:27:05.861Z,2026-09-23T09:27:05.872Z,https://locapay.app/property/115375
115377,Entrée couchée,,20000,ABOMEY-CALAVI,ABOMEY-CALAVI,ZOGBADJE,1 chambre(s) à ZOGBADJE,0,1,2026-09-23T09:26:28.476Z,2026-09-23T09:26:28.476Z,https://locapay.app/property/115377
115592,1 Chambre Salon,1.0,35000,ABOMEY-CALAVI,ABOMEY-CALAVI,CALAVI TANKPE,1 chambre(s) à CALAVI TANKPE,5,0,2026-09-23T09:25:39.533Z,2026-09-23T09:25:39.534Z,https://locapay.app/property/115592
115593,2 Chambres Salon,2.0,80000,COTONOU,13EME ARRONDISSEMENT,AGLA AGONGBOMEY,1 chambre(s) à AGLA AGONGBOMEY,0,0,2026-09-23T09:25:31.659Z,2026-09-23T09:25:31.659Z,https://locapay.app/property/115593
115594,1 Chambre Salon,1.0,19000,ABOMEY-CALAVI,TOGBA,HOUETO,1 chambre(s) à HOUETO,5,0,2026-09-23T09:25:20.533Z,2026-09-23T09:25:20.534Z,https://locapay.app/property/115594
115636,Entrée couchée,,27500,ABOMEY-CALAVI,GODOMEY,MARIA GLETA,1 chambre(s) à MARIA GLETA,5,0,2026-09-23T09:25:04.859Z,2026-09-23T09:25:04.863Z,https://locapay.app/property/115636
115100,2 Chambres Salon,2.0,75000,ABOMEY-CALAVI,ABOMEY-CALAVI,ZOPAH,2 chambre(s) à ZOPAH,0,0,2026-09-23T08:06:28.327Z,2026-09-23T08:06:28.328Z,https://locapay.app/property/115100
115106,Entrée couchée,,20000,ABOMEY-CALAVI,TOGBA,CALAVI HOUETO,1 chambre(s) à CALAVI HOUETO,0,0,2026-09-23T08:06:24.300Z,2026-09-23T08:06:24.308Z,https://locapay.app/property/115106
115127,Entrée couchée,,15000,ABOMEY-CALAVI,TOGBA,TOGBA,Propriété à TOGBA,0,0,2026-09-23T08:06:04.495Z,2026-09-23T08:06:04.497Z,https://locapay.app/property/115127
115129,1 Chambre Salon,1.0,40000,COTONOU,12EME ARRONDISSEMENT,AGLA HLAZOUNTO,1 chambre(s) à AGLA HLAZOUNTO,5,0,2026-09-23T08:05:46.889Z,2026-09-23T08:05:46.890Z,https://locapay.app/property/115129
115136,Entrée couchée,,25000,ABOMEY-CALAVI,GODOMEY,COCOTOMEY VON VITAL,Propriété à COCOTOMEY VON VITAL,4,0,2026-09-23T08:05:29.317Z,2026-09-23T08:05:29.318Z,https://locapay.app/property/115136
115151,1 Chambre Salon,1.0,35000,COTONOU,GODOMEY,STADE DE L'AMITIÉ,1 chambre(s) à STADE DE L'AMITIÉ,0,0,2026-09-23T08:04:47.610Z,2026-09-23T08:04:47.613Z,https://locapay.app/property/115151
115153,1 Chambre Salon,1.0,38000,ABOMEY-CALAVI,GODOMEY,DEKOUNGBE,1 chambre(s) à DEKOUNGBE,0,0,2026-09-23T08:04:38.102Z,2026-09-23T08:04:38.196Z,https://locapay.app/property/115153
115154,2 Chambres Salon,2.0,130000,ABOMEY-CALAVI,GODOMEY,DECOUGBE,2 chambre(s) à DECOUGBE,0,0,2026-09-23T08:04:29.271Z,2026-09-23T08:04:29.287Z,https://locapay.app/property/115154
115161,Entrée couchée,,23000,ABOMEY-CALAVI,ABOMEY-CALAVI,CALAVI AIDEGNON,Propriété à CALAVI AIDEGNON,0,0,2026-09-23T08:04:20.603Z,2026-09-23T08:04:20.604Z,https://locapay.app/property/115161
115170,1 Chambre Salon,1.0,32000,COTONOU,13EME ARRONDISSEMENT,AGLA PYLONES,1 chambre(s) à AGLA PYLONES,5,0,2026-09-23T08:04:01.604Z,2026-09-23T08:04:01.636Z,https://locapay.app/property/115170
115171,2 Chambres Salon,2.0,55000,ABOMEY-CALAVI,GODOMEY,GODOMEY GARE,2 chambre(s) à GODOMEY GARE,0,0,2026-09-23T08:03:45.253Z,2026-09-23T08:03:45.256Z,https://locapay.app/property/115171
115172,1 Chambre Salon,1.0,15000,ABOMEY-CALAVI,ABOMEY-CALAVI,ZOGBADJE,1 chambre(s) à ZOGBADJE,0,0,2026-09-23T08:03:40.319Z,2026-09-23T08:03:40.320Z,https://locapay.app/property/115172
115175,1 Chambre Salon,1.0,35000,ABOMEY-CALAVI,GODOMEY,GODOMEY PK14,1 chambre(s) à GODOMEY PK14,5,0,2026-09-23T08:03:32.260Z,2026-09-23T08:03:32.263Z,https://locapay.app/property/115175
115181,1 Chambre Salon,1.0,30000,ABOMEY-CALAVI,ABOMEY-CALAVI,CALAVI TANKPE,1 chambre(s) à CALAVI TANKPE,0,0,2026-09-23T08:03:13.901Z,2026-09-23T08:03:13.902Z,https://locapay.app/property/115181
115211,2 Chambres Salon,2.0,80000,COTONOU,12EME ARRONDISSEMENT,FIDJROSSE,1 chambre(s) à FIDJROSSE,5,0,2026-09-23T08:02:04.546Z,2026-09-23T08:02:04.548Z,https://locapay.app/property/115211
115221,1 Chambre Salon,1.0,22000,ABOMEY-CALAVI,OUEDO,CALAVI OUEDO,1 chambre(s) à CALAVI OUEDO,5,0,2026-09-23T08:01:43.529Z,2026-09-23T08:01:43.530Z,https://locapay.app/property/115221
115252,5 Chambres Salon,5.0,300000,COTONOU,13EME ARRONDISSEMENT,AGLA PYLONES,5 chambre(s) à AGLA PYLONES,0,0,2026-09-23T08:00:26.130Z,2026-09-23T08:00:26.131Z,https://locapay.app/property/115252
115254,5 Chambres Salon,5.0,2500000,Cotonou,1Er Arrondissement,Cotonou Akpakpa,Propriété à COTONOU AKPAKPA,5,0,2026-09-23T08:00:15.063Z,2026-09-23T08:00:15.065Z,https://locapay.app/property/115254
115260,1 Chambre Salon,1.0,40000,Abomey-Calavi,Godomey,ATROKPOCODJI,1 chambre(s) à CARREFOUR ZICO,3,0,2026-09-23T07:59:38.252Z,2026-09-23T07:59:38.252Z,https://locapay.app/property/115260
115262,1 Chambre Salon,1.0,72000,COTONOU,12EME ARRONDISSEMENT,FIDJROSSE ATLANTIC BEACH HOTEL,1 chambre(s) à FIDJROSSE ATLANTIC BEACH HOTEL,5,0,2026-09-23T07:59:13.046Z,2026-09-23T07:59:13.047Z,https://locapay.app/property/115262
115263,1 Chambre Salon,1.0,41000,COTONOU,10EME ARRONDISSEMENT,COTONOU ST RITA,1 chambre(s) à COTONOU ST RITA,5,0,2026-09-23T07:58:44.516Z,2026-09-23T07:58:44.537Z,https://locapay.app/property/115263
115266,1 Chambre Salon,1.0,35000,ABOMEY-CALAVI,ABOMEY-CALAVI,ZOGBADJE,1 chambre(s) à ZOGBADJE,5,0,2026-09-23T07:58:32.025Z,2026-09-23T07:58:32.106Z,https://locapay.app/property/115266
115269,1 Chambre Salon,1.0,45000,ABOMEY-CALAVI,OUEDO,CALAVI OUEDO,1 chambre(s) à CALAVI OUEDO,5,0,2026-09-23T07:58:15.925Z,2026-09-23T07:58:15.929Z,https://locapay.app/property/115269
115272,1 Chambre Salon,1.0,40000,Abomey-Calavi,Godomey,godomey wlacomey,1 chambre(s) à GODOMEY,0,0,2026-09-23T07:57:53.154Z,2026-09-23T07:57:53.158Z,https://locapay.app/property/115272
115297,1 Chambre Salon,1.0,40000,Cotonou,1Er Arrondissement,Akpakpa avotrou,1 chambre(s),1,0,2026-09-23T07:57:25.495Z,2026-09-23T07:57:25.496Z,https://locapay.app/property/115297
115349,1 Chambre Salon,1.0,37500,COTONOU,12EME ARRONDISSEMENT,FIDJROSSE CALVAIRE,1 chambre(s) à FIDJROSSE CALVAIRE,0,0,2026-09-23T07:56:49.176Z,2026-09-23T07:56:49.177Z,https://locapay.app/property/115349
115384,Entrée couchée,,20000,ABOMEY-CALAVI,ABOMEY-CALAVI,ZOGBADJE,1 chambre(s) à ZOGBADJE,4,0,2026-09-23T07:56:10.406Z,2026-09-23T07:56:10.406Z,https://locapay.app/property/115384
115428,4 Chambres Salon,4.0,200000,Cotonou,13Eme Arrondissement,AGLA FIGARO VON LUC ATROKPO,4 chambre(s) à AGLA VON,4,0,2026-09-23T07:55:36.534Z,2026-09-23T07:55:36.534Z,https://locapay.app/property/115428
115429,1 Chambre Salon,1.0,27000,ABOMEY-CALAVI,ABOMEY-CALAVI,ZOUNDJA,1 chambre(s) à ZOUNDJA,0,0,2026-09-23T07:55:08.229Z,2026-09-23T07:55:08.232Z,https://locapay.app/property/115429
115431,Entrée couchée,,25000,Abomey-Calavi,Abomey-Calavi,CALAVI ARCON VILLE,1 chambre(s) à CALAVI,5,0,2026-09-23T07:54:58.688Z,2026-09-23T07:54:58.690Z,https://locapay.app/property/115431
115485,Entrée couchée,,15000,ABOMEY-CALAVI,GODOMEY,HEDOMEY,1 chambre(s) à HEDOMEY,0,0,2026-09-23T07:54:14.163Z,2026-09-23T07:54:14.175Z,https://locapay.app/property/115485
115486,2 Chambres Salon,2.0,45000,ABOMEY-CALAVI,GODOMEY,DECOUGBE,2 chambre(s) à DECOUGBE,0,0,2026-09-23T07:53:55.425Z,2026-09-23T07:53:55.429Z,https://locapay.app/property/115486
115487,1 Chambre Salon,1.0,35000,ABOMEY-CALAVI,TOGBA,HOUETO,1 chambre(s) à HOUETO,0,0,2026-09-23T07:53:47.133Z,2026-09-23T07:53:47.134Z,https://locapay.app/property/115487
115618,Entrée couchée,,18000,ABOMEY-CALAVI,ABOMEY-CALAVI,CALAVI ZOGBADJE QUARTIER LATIN,1 chambre(s) à CALAVI ZOGBADJE QUARTIER LATIN,0,0,2026-09-23T07:53:10.041Z,2026-09-23T07:53:10.042Z,https://locapay.app/property/115618
115619,Entrée couchée,,31000,ABOMEY-CALAVI,ABOMEY-CALAVI,CALAVI ZOGBADJE,1 chambre(s) à CALAVI ZOGBADJE,1,0,2026-09-23T07:53:02.101Z,2026-09-23T07:53:02.103Z,https://locapay.app/property/115619
115684,2 Chambres Salon,2.0,85000,ABOMEY-CALAVI,ABOMEY-CALAVI,TANKPE PARANA,2 chambre(s) à TANKPE PARANA,0,0,2026-09-23T07:52:48.195Z,2026-09-23T07:52:48.196Z,https://locapay.app/property/115684
115738,5 Chambres Salon,5.0,300000,ABOMEY-CALAVI,ABOMEY-CALAVI,BIDOSSESSI,1 chambre(s) à BIDOSSESSI,16,0,2026-09-23T07:51:16.830Z,2026-09-23T07:51:16.834Z,https://locapay.app/property/115738
115741,1 Chambre Salon,1.0,25000,Cotonou,1Er Arrondissement,Avotrou Aimonlonfide,1 chambre(s) à AVOTROU AIMONLONFIDE,10,0,2026-09-23T07:50:49.825Z,2026-09-23T07:50:49.827Z,https://locapay.app/property/115741
115744,2 Chambres Salon,2.0,60000,ABOMEY-CALAVI,ABOMEY-CALAVI,CALAVI ARCONVILLE,2 chambre(s) à CALAVI ARCONVILLE,0,0,2026-09-23T07:49:46.266Z,2026-09-23T07:49:46.267Z,https://locapay.app/property/115744
115287,3 Chambres Salon,3.0,1200000,COTONOU,12EME ARRONDISSEMENT,FIDJROSSE PLAGE,1 chambre(s) à FIDJROSSE PLAGE,5,0,2026-09-23T07:46:10.812Z,2026-09-23T07:46:10.813Z,https://locapay.app/property/115287
115288,3 Chambres Salon,3.0,500000,COTONOU,12EME ARRONDISSEMENT,FIDJROSSE AKOGBATO,1 chambre(s) à FIDJROSSE AKOGBATO,5,0,2026-09-23T07:45:51.799Z,2026-09-23T07:45:51.805Z,https://locapay.app/property/115288
115298,1 Chambre Salon,1.0,41000,Cotonou,1Er Arrondissement,AKPAKPA ABATTOIR,1 chambre(s) à gazelle,0,1,2026-09-23T07:45:22.183Z,2026-09-23T07:45:22.184Z,https://locapay.app/property/115298
115299,1 Chambre Salon,1.0,70000,COTONOU,13EME ARRONDISSEMENT,AGLA DAUPHIN,1 chambre(s) à AGLA DAUPHIN,5,0,2026-09-23T07:44:48.289Z,2026-09-23T07:44:48.290Z,https://locapay.app/property/115299
115301,1 Chambre Salon,1.0,35000,ABOMEY-CALAVI,TOGBA,CALAVI HOUETO,1 chambre(s) à CALAVI HOUETO,4,0,2026-09-23T07:44:30.698Z,2026-09-23T07:44:30.700Z,https://locapay.app/property/115301
115302,3 Chambres Salon,3.0,400000,COTONOU,1ER ARRONDISSEMENT,COTONOU AKPAKPA,3 chambre(s) à COTONOU AKPAKPA,0,1,2026-09-23T07:44:19.620Z,2026-09-23T07:44:19.620Z,https://locapay.app/property/115302
115317,2 Chambres Salon,2.0,60000,ABOMEY-CALAVI,GODOMEY,COCOTOMEY,2 chambre(s) à COCOTOMEY,0,0,2026-09-23T07:44:04.732Z,2026-09-23T07:44:04.732Z,https://locapay.app/property/115317
115319,2 Chambres Salon,2.0,50000,COTONOU,9EME ARRONDISSEMENT,COTONOU MENONTIN,2 chambre(s) à COTONOU MENONTIN,5,0,2026-09-23T07:43:39.104Z,2026-09-23T07:43:39.157Z,https://locapay.app/property/115319
115339,4 Chambres Salon,4.0,600000,Cotonou,10Eme Arrondissement,Cotonou St Rita,1 chambre(s) à COTONOU AKPAKPA,5,0,2026-09-23T07:42:55.925Z,2026-09-23T07:42:55.926Z,https://locapay.app/property/115339
115362,2 Chambres Salon,2.0,200000,COTONOU,11EME ARRONDISSEMENT,HOUEYIHO,1 chambre(s) à HOUEYIHO,5,0,2026-09-23T07:42:07.344Z,2026-09-23T07:42:07.345Z,https://locapay.app/property/115362
115381,Entrée couchée,,20000,ABOMEY-CALAVI,ABOMEY-CALAVI,WOMEY,1 chambre(s) à WOMEY,0,0,2026-09-23T07:41:38.155Z,2026-09-23T07:41:38.159Z,https://locapay.app/property/115381
115382,1 Chambre Salon,1.0,50000,COTONOU,11EME ARRONDISSEMENT,HOUEYIHO,1 chambre(s) à HOUEYIHO,2,0,2026-09-23T07:41:30.956Z,2026-09-23T07:41:30.960Z,https://locapay.app/property/115382
115390,1 Chambre Salon,1.0,50000,Abomey-Calavi,Togba,Calavi Houeto,1 chambre(s) à CALAVI,5,0,2026-09-23T07:41:21.631Z,2026-09-23T07:41:21.631Z,https://locapay.app/property/115390
115408,2 Chambres Salon,2.0,100000,ABOMEY-CALAVI,TOGBA,TOKAN,2 chambre(s) à TOKAN,0,0,2026-09-23T07:40:35.939Z,2026-09-23T07:40:35.940Z,https://locapay.app/property/115408
115416,Entrée couchée,,12000,Abomey-Calavi,Togba,Calavi Kpota,Propriété à CALAVI,2,0,2026-09-23T07:40:18.082Z,2026-09-23T07:40:18.084Z,https://locapay.app/property/115416
115444,2 Chambres Salon,2.0,50000,ABOMEY-CALAVI,ABOMEY-CALAVI,TANKPE,2 chambre(s) à TANKPE,8,0,2026-09-23T07:39:50.461Z,2026-09-23T07:39:50.462Z,https://locapay.app/property/115444
115445,3 Chambres Salon,3.0,160000,Abomey-Calavi,Godomey,GODOMEY ATICO,1 chambre(s),0,0,2026-09-23T07:39:35.537Z,2026-09-23T07:39:35.539Z,https://locapay.app/property/115445
115446,1 Chambre Salon,1.0,45000,COTONOU,12EME ARRONDISSEMENT,AGLA HLAZOUNTO,1 chambre(s) à AGLA HLAZOUNTO,1,0,2026-09-23T07:39:21.722Z,2026-09-23T07:39:21.732Z,https://locapay.app/property/115446
115457,1 Chambre Salon,1.0,33000,Abomey-Calavi,Togba,CALAVI DJADJO,1 chambre(s) à CARREFOUR ZICO,0,0,2026-09-23T07:39:12.495Z,2026-09-23T07:39:12.500Z,https://locapay.app/property/115457
115460,Entrée couchée,,15000,ABOMEY-CALAVI,TOGBA,TOGBA,1 chambre(s) à TOGBA,5,0,2026-09-23T07:38:45.346Z,2026-09-23T07:38:45.355Z,https://locapay.app/property/115460
115467,2 Chambres Salon,2.0,65000,ABOMEY-CALAVI,TOGBA,TOKAN,2 chambre(s) à TOKAN,0,0,2026-09-23T07:38:32.079Z,2026-09-23T07:38:32.079Z,https://locapay.app/property/115467
115564,2 Chambres Salon,2.0,150000,ABOMEY-CALAVI,GODOMEY,GODOMEY TOGOUDO,1 chambre(s) à GODOMEY TOGOUDO,0,0,2026-09-23T07:37:22.144Z,2026-09-23T07:37:22.145Z,https://locapay.app/property/115564
115603,3 Chambres Salon,3.0,150000,ABOMEY-CALAVI,ABOMEY-CALAVI,CALAVI MAIRIE,1 chambre(s) à CALAVI MAIRIE,0,0,2026-09-23T07:37:06.671Z,2026-09-23T07:37:06.673Z,https://locapay.app/property/115603
115651,1 Chambre Salon,1.0,45000,ABOMEY-CALAVI,GODOMEY,GODOMEY FIGNONHOU,1 chambre(s) à GODOMEY FIGNONHOU,5,0,2026-09-23T07:36:08.240Z,2026-09-23T07:36:08.241Z,https://locapay.app/property/115651
115667,1 Chambre Salon,1.0,20000,ABOMEY-CALAVI,ABOMEY-CALAVI,CALAVI ZOGBADJE,1 chambre(s) à CALAVI ZOGBADJE,1,0,2026-09-23T07:35:59.214Z,2026-09-23T07:35:59.215Z,https://locapay.app/property/115667
115670,1 Chambre Salon,1.0,35000,ABOMEY-CALAVI,TOGBA,TANKPE FIFONSI,1 chambre(s) à TANKPE FIFONSI,5,0,2026-09-23T07:35:46.312Z,2026-09-23T07:35:46.313Z,https://locapay.app/property/115670
115701,1 Chambre Salon,1.0,65000,ABOMEY-CALAVI,TOGBA,CALAVI TOKAN,1 chambre(s) à CALAVI TOKAN,0,0,2026-09-23T07:35:08.754Z,2026-09-23T07:35:08.755Z,https://locapay.app/property/115701
115717,2 Chambres Salon,2.0,60000,COTONOU,13EME ARRONDISSEMENT,AGLA PYLONES,2 chambre(s) à AGLA PYLONES,0,0,2026-09-23T07:34:56.374Z,2026-09-23T07:34:56.375Z,https://locapay.app/property/115717
115728,1 Chambre Salon,1.0,75000,ABOMEY-CALAVI,TOGBA,CALAVI TOKAN,1 chambre(s) à CALAVI TOKAN,5,0,2026-09-23T07:34:47.137Z,2026-09-23T07:34:47.138Z,https://locapay.app/property/115728
115730,2 Chambres Salon,2.0,75000,ABOMEY-CALAVI,ABOMEY-CALAVI,CALAVI AIDEGNON,2 chambre(s) à CALAVI AIDEGNON,5,0,2026-09-23T07:34:30.097Z,2026-09-23T07:34:30.098Z,https://locapay.app/property/115730
115765,1 Chambre Salon,1.0,45000,Abomey-Calavi,Abomey-Calavi,CALAVI ITA,1 chambre(s) à CALAVI,0,0,2026-09-23T07:33:31.837Z,2026-09-23T07:33:31.838Z,https://locapay.app/property/115765
115766,3 Chambres Salon,3.0,80000,ABOMEY-CALAVI,GODOMEY,ATROKPOCODJI,3 chambre(s) à ATROKPOCODJI,0,0,2026-09-23T07:33:16.667Z,2026-09-23T07:33:16.667Z,https://locapay.app/property/115766
115414,1 Chambre Salon,1.0,33000,ABOMEY-CALAVI,GODOMEY,COCOTOMEY,1 chambre(s) à COCOTOMEY,0,0,2026-09-23T07:31:52.280Z,2026-09-23T07:31:52.342Z,https://locapay.app/property/115414
115420,2 Chambres Salon,2.0,60000,Cotonou,1Er Arrondissement,AKPAKPA YENAWA,2 chambre(s) à COTONOU AKPAKPA,0,0,2026-09-23T07:31:37.689Z,2026-09-23T07:31:37.690Z,https://locapay.app/property/115420
115424,1 Chambre Salon,1.0,25000,ABOMEY-CALAVI,OUEDO,OUEDO,1 chambre(s) à OUEDO,0,0,2026-09-23T07:31:08.457Z,2026-09-23T07:31:08.458Z,https://locapay.app/property/115424
115438,Entrée couchée,,20000,ABOMEY-CALAVI,OUEDO,OUEDO,Propriété à OUEDO,0,0,2026-09-23T07:30:40.582Z,2026-09-23T07:30:40.583Z,https://locapay.app/property/115438
115439,2 Chambres Salon,2.0,70000,Abomey-Calavi,Godomey,Calavi Godomey Togoudo,1 chambre(s) à GODOMEY,0,1,2026-09-23T07:30:27.927Z,2026-09-23T07:30:29.899Z,https://locapay.app/property/115439
115447,3 Chambres Salon,3.0,150000,COTONOU,8EME ARRONDISSEMENT,WOLOGUEDE,3 chambre(s) à WOLOGUEDE,5,0,2026-09-23T07:30:03.985Z,2026-09-23T07:30:03.986Z,https://locapay.app/property/115447
115449,4 Chambres Salon,4.0,150000,ABOMEY-CALAVI,GODOMEY,DEKOUNGBE,Propriété à DEKOUNGBE,0,0,2026-09-23T07:29:49.462Z,2026-09-23T07:29:49.464Z,https://locapay.app/property/115449
115450,1 Chambre,1.0,300000,ABOMEY-CALAVI,GODOMEY,COCOCODJI,1 chambre(s) à COCOCODJI,0,0,2026-09-23T07:29:32.063Z,2026-09-23T07:29:32.071Z,https://locapay.app/property/115450
115461,Entrée couchée,,23000,ABOMEY-CALAVI,ABOMEY-CALAVI,CALAVI ZOGBADJE,1 chambre(s) à CALAVI ZOGBADJE,1,0,2026-09-23T07:28:53.694Z,2026-09-23T07:28:53.695Z,https://locapay.app/property/115461
115477,3 Chambres Salon,3.0,80000,ABOMEY-CALAVI,GODOMEY,ATROKPOCODJI,3 chambre(s) à ATROKPOCODJI,5,0,2026-09-23T07:28:01.024Z,2026-09-23T07:28:01.081Z,https://locapay.app/property/115477
115483,1 Chambre Salon,1.0,50000,Abomey-Calavi,Abomey-Calavi,Calavi Zoca,1 chambre(s) à CALAVI,0,0,2026-09-23T07:27:12.547Z,2026-09-23T07:27:12.548Z,https://locapay.app/property/115483
115488,1 Chambre Salon,1.0,25000,ABOMEY-CALAVI,ABOMEY-CALAVI,CALAVI ZOGBADJE,1 chambre(s) à CALAVI ZOGBADJE,0,0,2026-09-23T07:27:02.384Z,2026-09-23T07:27:02.385Z,https://locapay.app/property/115488
115489,Entrée couchée,,20000,ABOMEY-CALAVI,ABOMEY-CALAVI,ZOGBADJE,1 chambre(s) à ZOGBADJE,0,0,2026-09-23T07:26:58.318Z,2026-09-23T07:26:58.319Z,https://locapay.app/property/115489
115491,1 Chambre Salon,1.0,25000,Abomey-Calavi,Godomey,Lobozounkpa,1 chambre(s) à ZONE MAIRIE CALAVI,4,0,2026-09-23T07:26:52.051Z,2026-09-23T07:26:52.052Z,https://locapay.app/property/115491
115492,1 Chambre Salon,1.0,20000,ABOMEY-CALAVI,AKASSATO,GBETAGBO,1 chambre(s) à GBETAGBO,0,0,2026-09-23T07:26:27.412Z,2026-09-23T07:26:27.414Z,https://locapay.app/property/115492
115520,1 Chambre Salon,1.0,50000,ABOMEY-CALAVI,AKASSATO,AKASSATO,1 chambre(s) à AKASSATO,5,0,2026-09-23T07:26:12.768Z,2026-09-23T07:26:12.769Z,https://locapay.app/property/115520
115529,1 Chambre Salon,1.0,25000,ABOMEY-CALAVI,AKASSATO,AKASSATO,1 chambre(s) à AKASSATO,0,0,2026-09-23T07:25:46.377Z,2026-09-23T07:25:46.452Z,https://locapay.app/property/115529
115531,Entrée couchée,,25000,ABOMEY-CALAVI,AKASSATO,MISSESSINTO,Propriété à MISSESSINTO,0,0,2026-09-23T07:25:31.355Z,2026-09-23T07:25:31.357Z,https://locapay.app/property/115531
115537,1 Chambre,1.0,800000,COTONOU,13EME ARRONDISSEMENT,AGLA PYLONES,1 chambre(s) à AGLA PYLONES,0,0,2026-09-23T07:25:18.876Z,2026-09-23T07:25:18.877Z,https://locapay.app/property/115537
115538,1 Chambre Salon,1.0,19000,ABOMEY-CALAVI,TOGBA,HOUETO,1 chambre(s) à HOUETO,0,0,2026-09-23T07:25:04.749Z,2026-09-23T07:25:04.750Z,https://locapay.app/property/115538
115558,1 Chambre Salon,1.0,35000,ABOMEY-CALAVI,GODOMEY,GODOMEY TOGOUDO,1 chambre(s) à GODOMEY TOGOUDO,5,0,2026-09-23T07:24:49.527Z,2026-09-23T07:24:49.528Z,https://locapay.app/property/115558
115559,2 Chambres Salon,2.0,80000,ABOMEY-CALAVI,GODOMEY,GODOMEY GARE,2 chambre(s) à GODOMEY GARE,0,0,2026-09-23T07:24:33.320Z,2026-09-23T07:24:33.322Z,https://locapay.app/property/115559
115580,4 Chambres Salon,4.0,600000,Cotonou,10Eme Arrondissement,Cotonou St Rita,1 chambre(s) à COTONOU AKPAKPA,5,0,2026-09-23T07:24:18.567Z,2026-09-23T07:24:18.567Z,https://locapay.app/property/115580
115581,3 Chambres Salon,3.0,850000,COTONOU,12EME ARRONDISSEMENT,COTONOU CADJEHOUN,3 chambre(s) à COTONOU CADJEHOUN,5,0,2026-09-23T07:23:32.889Z,2026-09-23T07:23:32.891Z,https://locapay.app/property/115581
115587,2 Chambres Salon,2.0,70000,Abomey-Calavi,Abomey-Calavi,Calavi Togoudo Allegreta,2 chambre(s) à CALAVI,2,0,2026-09-23T07:23:18.094Z,2026-09-23T07:23:18.097Z,https://locapay.app/property/115587
115600,1 Chambre Salon,1.0,40000,COTONOU,13EME ARRONDISSEMENT,AGLA PYLONES,1 chambre(s) à AGLA PYLONES,5,0,2026-09-23T07:22:47.377Z,2026-09-23T07:22:47.377Z,https://locapay.app/property/115600
115601,2 Chambres Salon,2.0,110000,COTONOU,12EME ARRONDISSEMENT,FIDJROSSE AKOGBATO,2 chambre(s) à FIDJROSSE AKOGBATO,5,0,2026-09-23T07:22:35.618Z,2026-09-23T07:22:35.620Z,https://locapay.app/property/115601
115609,3 Chambres Salon,3.0,80000,ABOMEY-CALAVI,GODOMEY,ATROKPOCODJI,3 chambre(s) à ATROKPOCODJI,0,0,2026-09-23T07:22:09.176Z,2026-09-23T07:22:09.179Z,https://locapay.app/property/115609
115611,2 Chambres Salon,2.0,80000,COTONOU,13EME ARRONDISSEMENT,AGLA AKPLOMEY,2 chambre(s) à AGLA AKPLOMEY,0,0,2026-09-23T07:21:59.792Z,2026-09-23T07:21:59.797Z,https://locapay.app/property/115611
115612,2 Chambres Salon,2.0,45000,ABOMEY-CALAVI,ABOMEY-CALAVI,CALAVI AITCHEDJI,2 chambre(s) à CALAVI AITCHEDJI,5,0,2026-09-23T07:21:51.564Z,2026-09-23T07:21:51.565Z,https://locapay.app/property/115612
115621,Entrée couchée,,18000,ABOMEY-CALAVI,ABOMEY-CALAVI,CALAVI ZOGBADJE QUARTIER LATIN,1 chambre(s) à CALAVI ZOGBADJE QUARTIER LATIN,0,0,2026-09-23T07:21:29.328Z,2026-09-23T07:21:29.503Z,https://locapay.app/property/115621
115622,2 Chambres Salon,2.0,75000,ABOMEY-CALAVI,TOGBA,CALAVI DJADJO,2 chambre(s) à CALAVI DJADJO,1,0,2026-09-23T07:21:22.431Z,2026-09-23T07:21:22.435Z,https://locapay.app/property/115622
115623,1 Chambre Salon,1.0,40000,ABOMEY-CALAVI,ABOMEY-CALAVI,CALAVI PARANA,1 chambre(s) à CALAVI PARANA,1,0,2026-09-23T07:21:16.674Z,2026-09-23T07:21:16.722Z,https://locapay.app/property/115623
115631,2 Chambres Salon,2.0,60000,COTONOU,13EME ARRONDISSEMENT,LES PYLONES,2 chambre(s) à LES PYLONES,0,0,2026-09-23T07:21:00.141Z,2026-09-23T07:21:00.142Z,https://locapay.app/property/115631
115633,1 Chambre Salon,1.0,40000,COTONOU,13EME ARRONDISSEMENT,AGLA PYLONES,1 chambre(s) à AGLA PYLONES,5,0,2026-09-23T07:20:45.843Z,2026-09-23T07:20:45.845Z,https://locapay.app/property/115633
115634,2 Chambres Salon,2.0,70000,COTONOU,13EME ARRONDISSEMENT,AGLA MOOV,1 chambre(s) à AGLA MOOV,5,0,2026-09-23T07:20:29.899Z,2026-09-23T07:20:29.899Z,https://locapay.app/property/115634
115671,Entrée couchée,,11000,Abomey-Calavi,Togba,Calavi Kpota,Propriété à CALAVI,3,0,2026-09-23T07:19:05.250Z,2026-09-23T07:19:05.251Z,https://locapay.app/property/115671
115679,1 Chambre Salon,1.0,50000,COTONOU,11EME ARRONDISSEMENT,HOUEYIHO,1 chambre(s) à HOUEYIHO,1,0,2026-09-23T07:18:36.679Z,2026-09-23T07:18:36.680Z,https://locapay.app/property/115679
115680,1 Chambre Salon,1.0,45000,ABOMEY-CALAVI,GODOMEY,GODOMEY FIGNONHOU,1 chambre(s) à GODOMEY FIGNONHOU,5,0,2026-09-23T07:18:21.769Z,2026-09-23T07:18:21.778Z,https://locapay.app/property/115680
115681,1 Chambre Salon,1.0,35000,ABOMEY-CALAVI,GODOMEY,GODOMEY,1 chambre(s) à GODOMEY,0,0,2026-09-23T07:18:06.344Z,2026-09-23T07:18:06.345Z,https://locapay.app/property/115681
115682,2 Chambres Salon,2.0,110000,COTONOU,12EME ARRONDISSEMENT,FIDJROSSE AKOGBATO,2 chambre(s) à FIDJROSSE AKOGBATO,5,0,2026-09-23T07:17:55.307Z,2026-09-23T07:17:55.372Z,https://locapay.app/property/115682
115689,1 Chambre Salon,1.0,45000,ABOMEY-CALAVI,GODOMEY,GODOMEY FIGNONHOU,1 chambre(s) à GODOMEY FIGNONHOU,0,0,2026-09-23T07:17:30.483Z,2026-09-23T07:17:30.484Z,https://locapay.app/property/115689
115692,1 Chambre Salon,1.0,25000,ABOMEY-CALAVI,ABOMEY-CALAVI,CALAVI ZOGBADJE,1 chambre(s) à CALAVI ZOGBADJE,0,0,2026-09-23T07:17:22.686Z,2026-09-23T07:17:22.690Z,https://locapay.app/property/115692
115693,2 Chambres Salon,2.0,85000,ABOMEY-CALAVI,ABOMEY-CALAVI,CALAVI TANKPE,2 chambre(s) à CALAVI TANKPE,0,0,2026-09-23T07:17:13.998Z,2026-09-23T07:17:13.999Z,https://locapay.app/property/115693
115697,3 Chambres Salon,3.0,180000,COTONOU,12EME ARRONDISSEMENT,FIDJROSSE ADJAHA,1 chambre(s) à FIDJROSSE ADJAHA,0,0,2026-09-23T07:17:04.534Z,2026-09-23T07:17:04.539Z,https://locapay.app/property/115697
115707,1 Chambre Salon,1.0,28000,ABOMEY-CALAVI,GODOMEY,MARIA GLETA,1 chambre(s) à MARIA GLETA,0,0,2026-09-23T07:16:37.215Z,2026-09-23T07:16:37.216Z,https://locapay.app/property/115707
115720,1 Chambre,1.0,500000,ABOMEY-CALAVI,GODOMEY,GODOMEY MAGASIN,1 chambre(s) à GODOMEY MAGASIN,5,0,2026-09-23T07:16:23.600Z,2026-09-23T07:16:23.651Z,https://locapay.app/property/115720
115723,1 Chambre Salon,1.0,32000,ABOMEY-CALAVI,ABOMEY-CALAVI,CALAVI TANKPE,1 chambre(s) à CALAVI TANKPE,0,0,2026-09-23T07:15:45.824Z,2026-09-23T07:15:45.826Z,https://locapay.app/property/115723
115732,3 Chambres Salon,3.0,3500000,COTONOU,12EME ARRONDISSEMENT,FIDJROSSE CENTRE,3 chambre(s) à FIDJROSSE CENTRE,4,0,2026-09-23T07:15:26.255Z,2026-09-23T07:15:26.256Z,https://locapay.app/property/115732
115735,1 Chambre Salon,1.0,35000,ABOMEY-CALAVI,ABOMEY-CALAVI,CALAVI WOMEY,1 chambre(s) à CALAVI WOMEY,0,0,2026-09-23T07:14:52.819Z,2026-09-23T07:14:52.820Z,https://locapay.app/property/115735
115736,2 Chambres Salon,2.0,100000,COTONOU,10EME ARRONDISSEMENT,VEDOKO,2 chambre(s) à VEDOKO,5,0,2026-09-23T07:14:43.962Z,2026-09-23T07:14:43.966Z,https://locapay.app/property/115736
115746,3 Chambres Salon,3.0,200000,COTONOU,12EME ARRONDISSEMENT,FIDJROSSE ADJAHA,3 chambre(s) à FIDJROSSE ADJAHA,0,0,2026-09-23T07:14:27.636Z,2026-09-23T07:14:27.637Z,https://locapay.app/property/115746
115747,3 Chambres Salon,3.0,150000,Abomey-Calavi,Godomey,Godomey Dekougbé,3 chambre(s) à DEKOUNGBE,1,0,2026-09-23T07:14:20.587Z,2026-09-23T07:14:20.592Z,https://locapay.app/property/115747
115749,1 Chambre Salon,1.0,45000,COTONOU,GODOMEY,CASSE AUTO,1 chambre(s) à CASSE AUTO,0,0,2026-09-23T07:13:33.040Z,2026-09-23T07:13:33.041Z,https://locapay.app/property/115749
115750,2 Chambres Salon,2.0,60000,COTONOU,13EME ARRONDISSEMENT,AGLA PYLONES,2 chambre(s) à AGLA PYLONES,5,0,2026-09-23T07:13:23.435Z,2026-09-23T07:13:23.437Z,https://locapay.app/property/115750
115757,1 Chambre Salon,1.0,51000,COTONOU,1ER ARRONDISSEMENT,AKPAKPA,1 chambre(s) à AKPAKPA,1,0,2026-09-23T07:13:03.110Z,2026-09-23T07:13:03.111Z,https://locapay.app/property/115757
115758,3 Chambres Salon,3.0,200000,COTONOU,GODOMEY,STADE DE L'AMITIÉ,1 chambre(s) à STADE DE L'AMITIÉ,0,0,2026-09-23T07:12:52.361Z,2026-09-23T07:12:52.362Z,https://locapay.app/property/115758
115767,Entrée couchée,,18000,ABOMEY-CALAVI,GODOMEY,COCOCODJI,1 chambre(s) à COCOCODJI,0,0,2026-09-23T07:12:22.037Z,2026-09-23T07:12:22.038Z,https://locapay.app/property/115767
115770,1 Chambre Salon,1.0,12000,ABOMEY-CALAVI,AKASSATO,ADJAGBO,1 chambre(s) à ADJAGBO,0,0,2026-09-23T07:11:46.182Z,2026-09-23T07:11:46.183Z,https://locapay.app/property/115770
115771,1 Chambre Salon,1.0,45000,ABOMEY-CALAVI,GODOMEY,GBODJE,1 chambre(s) à GBODJE,0,0,2026-09-23T07:11:35.058Z,2026-09-23T07:11:35.059Z,https://locapay.app/property/115771
115804,3 Chambres Salon,3.0,150000,Abomey-Calavi,Godomey,Calavi Bakhita,3 chambre(s) à CALAVI,1,0,2026-09-23T07:10:58.387Z,2026-09-23T07:10:58.404Z,https://locapay.app/property/115804
115774,3 Chambres Salon,3.0,150000,Abomey-Calavi,Abomey-Calavi,Calavi IITA,3 chambre(s),0,1,2026-09-23T06:10:02.900Z,2026-09-23T06:10:02.903Z,https://locapay.app/property/115774
115790,2 Chambres Salon,2.0,200000,COTONOU,11EME ARRONDISSEMENT,VODJE,1 chambre(s) à VODJE,5,0,2026-09-23T06:09:27.320Z,2026-09-23T12:27:19.323Z,https://locapay.app/property/115790
115798,2 Chambres Salon,2.0,110000,COTONOU,12EME ARRONDISSEMENT,AKOGBATO,2 chambre(s) à AKOGBATO,1,0,2026-09-23T06:09:12.130Z,2026-09-23T06:09:12.130Z,https://locapay.app/property/115798
115799,2 Chambres Salon,2.0,150000,ABOMEY-CALAVI,GODOMEY,GODOMEY,2 chambre(s) à GODOMEY,0,0,2026-09-23T06:09:05.808Z,2026-09-23T06:09:05.810Z,https://locapay.app/property/115799
115801,2 Chambres Salon,2.0,100000,COTONOU,12EME ARRONDISSEMENT,FIDJROSSE,2 chambre(s) à FIDJROSSE,1,0,2026-09-23T06:08:46.824Z,2026-09-23T12:27:29.223Z,https://locapay.app/property/115801
115805,2 Chambres Salon,2.0,60000,Cotonou,13Eme Arrondissement,agla pharmacie les pylônes,1 chambre(s) à AGLA,1,0,2026-09-23T06:08:37.971Z,2026-09-23T06:08:37.972Z,https://locapay.app/property/115805
115813,1 Chambre Salon,1.0,75000,ABOMEY-CALAVI,TOGBA,CALAVI TOKAN,1 chambre(s) à CALAVI TOKAN,5,0,2026-09-23T06:07:50.889Z,2026-09-23T06:07:50.890Z,https://locapay.app/property/115813
115417,3 Chambres Salon,3.0,500000,Cotonou,1Er Arrondissement,Akpakpa CENSAD,Non défini,0,1,2026-09-22T10:21:13.429Z,2026-09-22T10:21:59.262Z,https://locapay.app/property/115417
114686,1 Chambre Salon,1.0,150000,Cotonou,10Eme Arrondissement,Cotonou Vedoko GUENDEHOU,Non défini,0,0,2026-09-21T12:14:32.623Z,2026-09-21T12:14:32.955Z,https://locapay.app/property/114686
114604,1 Chambre Salon,1.0,50000,COTONOU,11EME ARRONDISSEMENT,HOUEYIHO,1 chambre(s) à HOUEYIHO,1,0,2026-09-21T12:08:20.609Z,2026-09-21T12:08:20.611Z,https://locapay.app/property/114604
114644,3 Chambres Salon,3.0,200000,Cotonou,13Eme Arrondissement,AGLA MAISON DU PEUPLE,3 chambre(s) à CALAVI,5,0,2026-09-21T12:08:08.318Z,2026-09-21T12:08:08.319Z,https://locapay.app/property/114644
114622,1 Chambre Salon,1.0,22000,ABOMEY-CALAVI,TOGBA,TOGBA,1 chambre(s) à TOGBA,0,0,2026-09-21T12:07:18.901Z,2026-09-21T12:07:18.901Z,https://locapay.app/property/114622
114623,1 Chambre Salon,1.0,35000,ABOMEY-CALAVI,ABOMEY-CALAVI,ZOGBADJE,1 chambre(s) à ZOGBADJE,0,0,2026-09-21T12:07:10.637Z,2026-09-21T12:07:10.640Z,https://locapay.app/property/114623
114646,1 Chambre Salon,1.0,25000,ABOMEY-CALAVI,ABOMEY-CALAVI,ZOGBADJE,1 chambre(s) à ZOGBADJE,3,0,2026-09-21T12:07:00.824Z,2026-09-21T12:07:00.827Z,https://locapay.app/property/114646
114647,1 Chambre Salon,1.0,30000,ABOMEY-CALAVI,ABOMEY-CALAVI,CALAVI TANKPE,1 chambre(s) à CALAVI TANKPE,5,0,2026-09-21T12:06:51.061Z,2026-09-21T12:06:51.062Z,https://locapay.app/property/114647
114667,1 Chambre Salon,1.0,35000,COTONOU,10EME ARRONDISSEMENT,KOUHOUNOU,1 chambre(s) à KOUHOUNOU,3,0,2026-09-21T12:06:28.805Z,2026-09-21T12:06:28.807Z,https://locapay.app/property/114667
114613,1 Chambre Salon,1.0,45000,COTONOU,12EME ARRONDISSEMENT,AGLA HLAZOUNTO,1 chambre(s) à AGLA HLAZOUNTO,0,0,2026-09-21T12:05:45.176Z,2026-09-21T12:05:45.184Z,https://locapay.app/property/114613
114625,2 Chambres Salon,2.0,60000,COTONOU,10EME ARRONDISSEMENT,VEDOKO,1 chambre(s) à VEDOKO,5,0,2026-09-21T12:05:28.241Z,2026-09-21T12:05:28.243Z,https://locapay.app/property/114625
114633,3 Chambres Salon,3.0,55000,COTONOU,13EME ARRONDISSEMENT,AGLA SHOW,3 chambre(s) à AGLA SHOW,5,0,2026-09-21T12:05:13.937Z,2026-09-21T12:05:13.938Z,https://locapay.app/property/114633
114656,3 Chambres Salon,3.0,100000,ABOMEY-CALAVI,ABOMEY-CALAVI,CALAVI AITCHEDJI,1 chambre(s) à CALAVI AITCHEDJI,0,0,2026-09-21T12:04:48.280Z,2026-09-21T12:04:48.280Z,https://locapay.app/property/114656
114657,1 Chambre Salon,1.0,41500,COTONOU,13EME ARRONDISSEMENT,AGLA LES PYLONES,1 chambre(s) à AGLA LES PYLONES,0,0,2026-09-21T12:04:40.416Z,2026-09-21T12:04:40.433Z,https://locapay.app/property/114657
114658,1 Chambre Salon,1.0,100000,COTONOU,12EME ARRONDISSEMENT,AGLA HLAZOUNTO,1 chambre(s) à AGLA HLAZOUNTO,0,0,2026-09-21T12:04:32.908Z,2026-09-21T12:04:32.909Z,https://locapay.app/property/114658
114659,2 Chambres Salon,2.0,150000,COTONOU,12EME ARRONDISSEMENT,FIDJROSSE PLAGE,2 chambre(s) à FIDJROSSE PLAGE,0,0,2026-09-21T12:04:26.268Z,2026-09-21T12:04:26.275Z,https://locapay.app/property/114659
114660,3 Chambres Salon,3.0,500000,COTONOU,12EME ARRONDISSEMENT,FIDJROSSE AKOGBATO,1 chambre(s) à FIDJROSSE AKOGBATO,0,0,2026-09-21T12:04:18.211Z,2026-09-21T12:04:18.228Z,https://locapay.app/property/114660
114668,2 Chambres Salon,2.0,50000,ABOMEY-CALAVI,ABOMEY-CALAVI,ZOGBADJE,1 chambre(s) à ZOGBADJE,5,0,2026-09-21T12:04:06.264Z,2026-09-21T12:04:06.265Z,https://locapay.app/property/114668
114606,1 Chambre Salon,1.0,35000,COTONOU,12EME ARRONDISSEMENT,FIDJROSSE,1 chambre(s) à FIDJROSSE,0,0,2026-09-21T12:01:05.418Z,2026-09-21T12:01:05.418Z,https://locapay.app/property/114606
114608,1 Chambre Salon,1.0,35000,ABOMEY-CALAVI,TOGBA,CALAVI HOUETO,1 chambre(s) à CALAVI HOUETO,0,0,2026-09-21T12:00:32.852Z,2026-09-21T12:00:32.855Z,https://locapay.app/property/114608
114610,1 Chambre Salon,1.0,22000,ABOMEY-CALAVI,GODOMEY,GBEGNIGAN,1 chambre(s) à GBEGNIGAN,0,0,2026-09-21T12:00:23.300Z,2026-09-21T12:00:23.308Z,https://locapay.app/property/114610
114617,1 Chambre Salon,1.0,45000,COTONOU,12EME ARRONDISSEMENT,AGLA HLAZOUNTO,1 chambre(s) à AGLA HLAZOUNTO,5,0,2026-09-21T12:00:14.929Z,2026-09-21T12:00:14.930Z,https://locapay.app/property/114617
114628,Entrée couchée,,20000,ABOMEY-CALAVI,ABOMEY-CALAVI,Womey Dah Yovogon,1 chambre(s) à ABOMEY-CALAVI-PARANA,0,0,2026-09-21T11:59:34.502Z,2026-09-21T11:59:34.672Z,https://locapay.app/property/114628
114640,1 Chambre Salon,1.0,35000,ABOMEY-CALAVI,TOGBA,CALAVI TOGBA,1 chambre(s) à CALAVI TOGBA,5,0,2026-09-21T11:59:10.311Z,2026-09-21T11:59:10.312Z,https://locapay.app/property/114640
114642,2 Chambres Salon,2.0,60000,ABOMEY-CALAVI,GODOMEY,COCOTOMEY,2 chambre(s) à COCOTOMEY,0,0,2026-09-21T11:58:48.560Z,2026-09-21T11:58:48.562Z,https://locapay.app/property/114642
114643,4 Chambres Salon,4.0,1500000,COTONOU,12EME ARRONDISSEMENT,FIDJROSSE PLAGE,1 chambre(s) à FIDJROSSE PLAGE,5,0,2026-09-21T11:58:37.998Z,2026-09-21T11:58:37.999Z,https://locapay.app/property/114643
114649,Entrée couchée,,25000,Abomey-Calavi,Abomey-Calavi,Calavi Parana,1 chambre(s) à CALAVI,4,0,2026-09-21T11:58:23.517Z,2026-09-21T11:58:23.518Z,https://locapay.app/property/114649
114650,2 Chambres Salon,2.0,60000,ABOMEY-CALAVI,ABOMEY-CALAVI,CALAVI ZOUNDJA,2 chambre(s) à CALAVI ZOUNDJA,5,0,2026-09-21T11:58:07.062Z,2026-09-21T11:58:07.064Z,https://locapay.app/property/114650
114651,2 Chambres Salon,2.0,110000,ABOMEY-CALAVI,TOGBA,CALAVI TOKAN,2 chambre(s) à CALAVI TOKAN,5,0,2026-09-21T11:57:54.246Z,2026-09-21T11:57:54.247Z,https://locapay.app/property/114651
114652,1 Chambre,1.0,300000,COTONOU,12EME ARRONDISSEMENT,FIDJROSSE PLAGE,1 chambre(s) à FIDJROSSE PLAGE,5,0,2026-09-21T11:57:41.037Z,2026-09-21T11:57:41.037Z,https://locapay.app/property/114652
114655,1 Chambre Salon,1.0,35000,ABOMEY-CALAVI,TOGBA,TOGBA JEAN PIAGET 3,1 chambre(s) à TOGBA JEAN PIAGET 3,5,0,2026-09-21T11:57:29.747Z,2026-09-21T11:57:29.755Z,https://locapay.app/property/114655
114661,1 Chambre Salon,1.0,42000,COTONOU,6EME ARRONDISSEMENT,GBEDJROMEDE,1 chambre(s) à GBEDJROMEDE,2,0,2026-09-21T11:57:14.540Z,2026-09-21T11:57:14.541Z,https://locapay.app/property/114661
114663,1 Chambre,1.0,1500000,COTONOU,12EME ARRONDISSEMENT,HAIE VIVE,1 chambre(s) à HAIE VIVE,5,0,2026-09-21T11:57:01.224Z,2026-09-21T11:57:01.226Z,https://locapay.app/property/114663
114664,2 Chambres Salon,2.0,85000,Abomey-Calavi,Abomey-Calavi,Calavi Tankpe,1 chambre(s) à CALAVI,5,0,2026-09-21T11:56:31.855Z,2026-09-21T11:56:31.857Z,https://locapay.app/property/114664
114665,1 Chambre Salon,1.0,37000,ABOMEY-CALAVI,GODOMEY,GODOMEY,1 chambre(s) à GODOMEY,5,0,2026-09-21T11:56:07.326Z,2026-09-21T11:56:07.327Z,https://locapay.app/property/114665
114674,2 Chambres Salon,2.0,120000,COTONOU,12EME ARRONDISSEMENT,FIDJROSSE,2 chambre(s) à FIDJROSSE,1,0,2026-09-21T11:55:38.059Z,2026-09-21T11:55:38.061Z,https://locapay.app/property/114674
114677,5 Chambres Salon,5.0,300000,ABOMEY-CALAVI,GODOMEY,COCOCODJI,1 chambre(s) à COCOCODJI,5,0,2026-09-21T11:55:27.603Z,2026-09-21T11:55:27.605Z,https://locapay.app/property/114677
114678,3 Chambres Salon,3.0,150000,ABOMEY-CALAVI,GODOMEY,DEKOUNGBE,1 chambre(s) à DEKOUNGBE,5,0,2026-09-21T11:55:09.337Z,2026-09-21T11:55:09.338Z,https://locapay.app/property/114678
114682,4 Chambres Salon,4.0,300000,COTONOU,12EME ARRONDISSEMENT,FIDJROSSE HOUENOUSSOU,4 chambre(s) à FIDJROSSE HOUENOUSSOU,0,0,2026-09-21T11:54:32.280Z,2026-09-21T11:54:32.283Z,https://locapay.app/property/114682
114683,3 Chambres Salon,3.0,200000,Abomey-Calavi,Godomey,GODOMEY GARE,1 chambre(s) à GODOMEY MAGASIN,5,0,2026-09-21T11:54:24.410Z,2026-09-21T11:54:24.412Z,https://locapay.app/property/114683
114685,1 Chambre Salon,1.0,52000,ABOMEY-CALAVI,GODOMEY,SEDEGBE,1 chambre(s) à SEDEGBE,1,0,2026-09-21T11:53:48.239Z,2026-09-21T11:53:48.240Z,https://locapay.app/property/114685
