type_bien,nb_chambres,prix_fcfa,commune,arrondissement,quartier
1 CHAMBRE SALON,1.0,50000,ABOMEY-CALAVI,GOLO-DJIGBE,AUTRE
3 CHAMBRES SALON,3.0,150000,COTONOU,1ER ARRONDISSEMENT,ZOGBO/COTONOU
2 CHAMBRES SALON,2.0,140000,COTONOU,1ER ARRONDISSEMENT,AUTRE
2 CHAMBRES SALON,2.0,100000,ABOMEY-CALAVI,ABOMEY-CALAVI,CALAVI ARCONVILLE
3 CHAMBRES SALON,3.0,120000,COTONOU,9EME ARRONDISSEMENT,KINDONOU
2 CHAMBRES SALON,2.0,120000,ABOMEY-CALAVI,ABOMEY-CALAVI,AUTRE
1 CHAMBRE SALON,1.0,52000,ABOMEY-CALAVI,GODOMEY,GODOMEY GARE
2 CHAMBRES SALON,2.0,80000,ABOMEY-CALAVI,GODOMEY,GODOMEY GARE
1 CHAMBRE SALON,1.0,35000,ABOMEY-CALAVI,TOGBA,CALAVI HOUETO
1 CHAMBRE SALON,1.0,60000,ABOMEY-CALAVI,ABOMEY-CALAVI,WOMEY
1 CHAMBRE SALON,1.0,50000,COTONOU,13EME ARRONDISSEMENT,AUTRE
3 CHAMBRES SALON,3.0,150000,COTONOU,9EME ARRONDISSEMENT,AUTRE
2 CHAMBRES SALON,2.0,55000,ABOMEY-CALAVI,ABOMEY-CALAVI,CALAVI AITCHEDJI
1 CHAMBRE SALON,1.0,45000,COTONOU,13EME ARRONDISSEMENT,AUTRE
3 CHAMBRES SALON,3.0,300000,COTONOU,10EME ARRONDISSEMENT,VEDOKO
1 CHAMBRE SALON,1.0,35000,ABOMEY-CALAVI,TOGBA,CALAVI HOUETO
1 CHAMBRE SALON,1.0,42000,ABOMEY-CALAVI,GODOMEY,COCOCODJI
2 CHAMBRES SALON,2.0,75000,COTONOU,13EME ARRONDISSEMENT,AGLA MAISON DU PEUPLE
3 CHAMBRES SALON,3.0,130000,ABOMEY-CALAVI,GODOMEY,GODOMEY
ENTREE COUCHEE,0.0,25000,ABOMEY-CALAVI,TOGBA,TOGBA JEAN PIAGET 3
2 CHAMBRES SALON,2.0,75000,COTONOU,13EME ARRONDISSEMENT,AGLA MAISON DU PEUPLE
3 CHAMBRES SALON,3.0,150000,ABOMEY-CALAVI,ABOMEY-CALAVI,AUTRE
1 CHAMBRE SALON,1.0,55000,ABOMEY-CALAVI,AKASSATO,AKASSATO
ENTREE COUCHEE,0.0,20000,ABOMEY-CALAVI,ABOMEY-CALAVI,CALAVI ARCONVILLE
1 CHAMBRE SALON,1.0,32000,ABOMEY-CALAVI,ABOMEY-CALAVI,AUTRE
2 CHAMBRES SALON,2.0,55000,ABOMEY-CALAVI,ABOMEY-CALAVI,ZOGBADJE
1 CHAMBRE SALON,1.0,65000,ABOMEY-CALAVI,TOGBA,CALAVI TOKAN
1 CHAMBRE SALON,1.0,25000,ABOMEY-CALAVI,AKASSATO,MISSESSINTO
1 CHAMBRE SALON,1.0,26000,ABOMEY-CALAVI,AKASSATO,ADJAGBO
2 CHAMBRES SALON,2.0,30000,COTONOU,9EME ARRONDISSEMENT,AUTRE
1 CHAMBRE SALON,1.0,30000,ABOMEY-CALAVI,GODOMEY,COCOCODJI
1 CHAMBRE SALON,1.0,60000,COTONOU,12EME ARRONDISSEMENT,FIDJROSSE ADJAHA
1 CHAMBRE SALON,1.0,30000,COTONOU,12EME ARRONDISSEMENT,AKOGBATO
1 CHAMBRE SALON,1.0,42000,ABOMEY-CALAVI,TOGBA,TOGBA
ENTREE COUCHEE,0.0,25000,ABOMEY-CALAVI,TOGBA,TOGBA JEAN PIAGET 3
2 CHAMBRES SALON,2.0,100000,ABOMEY-CALAVI,GODOMEY,AUTRE
1 CHAMBRE SALON,1.0,35000,ABOMEY-CALAVI,GODOMEY,AUTRE
2 CHAMBRES SALON,2.0,75000,ABOMEY-CALAVI,ABOMEY-CALAVI,CALAVI AIDEGNON
2 CHAMBRES SALON,2.0,150000,ABOMEY-CALAVI,ABOMEY-CALAVI,CALAVI TANKPE
2 CHAMBRES SALON,2.0,100000,ABOMEY-CALAVI,GODOMEY,COCOTOMEY VON VITAL
2 CHAMBRES SALON,2.0,65000,ABOMEY-CALAVI,TOGBA,AUTRE
3 CHAMBRES SALON,3.0,150000,ABOMEY-CALAVI,GODOMEY,AUTRE
1 CHAMBRE SALON,1.0,35000,COTONOU,13EME ARRONDISSEMENT,AUTRE
ENTREE COUCHEE,0.0,13000,ABOMEY-CALAVI,GODOMEY,GODOMEY
1 CHAMBRE SALON,1.0,20000,ABOMEY-CALAVI,ABOMEY-CALAVI,CALAVI
5 CHAMBRES SALON,5.0,250000,ABOMEY-CALAVI,TOGBA,CALAVI KPOTA
3 CHAMBRES SALON,3.0,130000,ABOMEY-CALAVI,GODOMEY,GODOMEY
1 CHAMBRE SALON,1.0,200000,COTONOU,12EME ARRONDISSEMENT,FIDJROSSE
4 CHAMBRES SALON,4.0,150000,COTONOU,AUTRE,AUTRE
1 CHAMBRE,1.0,250000,COTONOU,1ER ARRONDISSEMENT,COTONOU AGLA
2 CHAMBRES SALON,2.0,150000,ABOMEY-CALAVI,ABOMEY-CALAVI,CALAVI TANKPE
ENTREE COUCHEE,0.0,23000,ABOMEY-CALAVI,TOGBA,AUTRE
2 CHAMBRES SALON,2.0,75000,ABOMEY-CALAVI,ABOMEY-CALAVI,AUTRE
3 CHAMBRES SALON,3.0,150000,ABOMEY-CALAVI,ABOMEY-CALAVI,CALAVI MAIRIE
1 CHAMBRE SALON,1.0,28000,ABOMEY-CALAVI,HEVIE,HEVIE
ENTREE COUCHEE,0.0,15000,ABOMEY-CALAVI,TOGBA,HOUETO
1 CHAMBRE SALON,1.0,52000,ABOMEY-CALAVI,GODOMEY,GODOMEY GARE
1 CHAMBRE SALON,1.0,50000,COTONOU,13EME ARRONDISSEMENT,AUTRE
3 CHAMBRES SALON,3.0,200000,COTONOU,9EME ARRONDISSEMENT,AUTRE
ENTREE COUCHEE,0.0,30000,ABOMEY-CALAVI,ABOMEY-CALAVI,AUTRE
1 CHAMBRE SALON,1.0,25000,ABOMEY-CALAVI,ABOMEY-CALAVI,ZOGBADJE
2 CHAMBRES SALON,2.0,150000,COTONOU,8EME ARRONDISSEMENT,AUTRE
2 CHAMBRES SALON,2.0,130000,ABOMEY-CALAVI,GODOMEY,DEKOUNGBE
2 CHAMBRES SALON,2.0,100000,ABOMEY-CALAVI,GODOMEY,COCOTOMEY VON VITAL
1 CHAMBRE SALON,1.0,34000,ABOMEY-CALAVI,TOGBA,AUTRE
ENTREE COUCHEE,0.0,17000,COTONOU,13EME ARRONDISSEMENT,AGLA MAISON DU PEUPLE
3 CHAMBRES SALON,3.0,150000,ABOMEY-CALAVI,GODOMEY,DEKOUNGBE
2 CHAMBRES SALON,2.0,50000,ABOMEY-CALAVI,AKASSATO,AKASSATO
2 CHAMBRES SALON,2.0,100000,COTONOU,12EME ARRONDISSEMENT,AUTRE
1 CHAMBRE SALON,1.0,30000,COTONOU,9EME ARRONDISSEMENT,KINDONOU
1 CHAMBRE SALON,1.0,30000,ABOMEY-CALAVI,GODOMEY,COCOCODJI
1 CHAMBRE SALON,1.0,30000,ABOMEY-CALAVI,AKASSATO,AKASSATO
3 CHAMBRES SALON,3.0,250000,COTONOU,1ER ARRONDISSEMENT,AKPAKPA
1 CHAMBRE SALON,1.0,13000,ABOMEY-CALAVI,HEVIE,HEVIE
2 CHAMBRES SALON,2.0,60000,ABOMEY-CALAVI,GODOMEY,ATROKPOCODJI
ENTREE COUCHEE,0.0,25000,COTONOU,13EME ARRONDISSEMENT,AUTRE
1 CHAMBRE SALON,1.0,30000,ABOMEY-CALAVI,TOGBA,CALAVI TOGBA
3 CHAMBRES SALON,3.0,150000,COTONOU,1ER ARRONDISSEMENT,ZOGBO/COTONOU
2 CHAMBRES SALON,2.0,60000,COTONOU,10EME ARRONDISSEMENT,VEDOKO
1 CHAMBRE SALON,1.0,90000,COTONOU,13EME ARRONDISSEMENT,AUTRE
1 CHAMBRE SALON,1.0,31000,ABOMEY-CALAVI,HEVIE,HEVIE
2 CHAMBRES SALON,2.0,75000,COTONOU,13EME ARRONDISSEMENT,AGLA MAISON DU PEUPLE
2 CHAMBRES SALON,2.0,175000,COTONOU,11EME ARRONDISSEMENT,HOUEYIHO
2 CHAMBRES SALON,2.0,60000,COTONOU,13EME ARRONDISSEMENT,AUTRE
1 CHAMBRE SALON,1.0,40000,ABOMEY-CALAVI,ABOMEY-CALAVI,AUTRE
3 CHAMBRES SALON,3.0,150000,ABOMEY-CALAVI,ABOMEY-CALAVI,CALAVI MAIRIE
1 CHAMBRE SALON,1.0,70000,COTONOU,13EME ARRONDISSEMENT,AUTRE
1 CHAMBRE SALON,1.0,50000,ABOMEY-CALAVI,GODOMEY,DEKOUNGBE
1 CHAMBRE SALON,1.0,35000,ABOMEY-CALAVI,ABOMEY-CALAVI,ZOGBADJE
1 CHAMBRE SALON,1.0,27000,ABOMEY-CALAVI,GOLO-DJIGBE,AUTRE
1 CHAMBRE SALON,1.0,35000,ABOMEY-CALAVI,TOGBA,HOUETO
2 CHAMBRES SALON,2.0,75000,COTONOU,13EME ARRONDISSEMENT,AGLA MAISON DU PEUPLE
ENTREE COUCHEE,0.0,20000,COTONOU,12EME ARRONDISSEMENT,AGLA HLAZOUNTO
3 CHAMBRES SALON,3.0,150000,COTONOU,8EME ARRONDISSEMENT,WOLOGUEDE
3 CHAMBRES SALON,3.0,200000,COTONOU,GODOMEY,AUTRE
1 CHAMBRE SALON,1.0,23000,ABOMEY-CALAVI,TOGBA,AUTRE
1 CHAMBRE SALON,1.0,57500,COTONOU,13EME ARRONDISSEMENT,AGLA MAISON DU PEUPLE
1 CHAMBRE SALON,1.0,52000,ABOMEY-CALAVI,GODOMEY,GODOMEY GARE
1 CHAMBRE,1.0,250000,COTONOU,1ER ARRONDISSEMENT,COTONOU AGLA
3 CHAMBRES SALON,3.0,250000,COTONOU,8EME ARRONDISSEMENT,WOLOGUEDE
1 CHAMBRE SALON,1.0,45000,ABOMEY-CALAVI,GODOMEY,COCOCODJI
3 CHAMBRES SALON,3.0,170000,ABOMEY-CALAVI,ABOMEY-CALAVI,AITCHEDJI
2 CHAMBRES SALON,2.0,70000,ABOMEY-CALAVI,GODOMEY,AUTRE
2 CHAMBRES SALON,2.0,75000,ABOMEY-CALAVI,ABOMEY-CALAVI,CALAVI
1 CHAMBRE SALON,1.0,17000,ABOMEY-CALAVI,HEVIE,HEVIE
1 CHAMBRE SALON,1.0,50000,ABOMEY-CALAVI,ABOMEY-CALAVI,CALAVI ZOGBADJE
2 CHAMBRES SALON,2.0,100000,ABOMEY-CALAVI,GODOMEY,COCOTOMEY VON VITAL
1 CHAMBRE SALON,1.0,32000,ABOMEY-CALAVI,ABOMEY-CALAVI,ZOGBADJE
1 CHAMBRE SALON,1.0,40000,COTONOU,11EME ARRONDISSEMENT,AUTRE
2 CHAMBRES SALON,2.0,120000,ABOMEY-CALAVI,ABOMEY-CALAVI,CALAVI TANKPE
1 CHAMBRE SALON,1.0,40000,ABOMEY-CALAVI,TOGBA,AUTRE
ENTREE COUCHEE,0.0,17000,COTONOU,13EME ARRONDISSEMENT,AGLA MAISON DU PEUPLE
2 CHAMBRES SALON,2.0,70000,COTONOU,8EME ARRONDISSEMENT,AUTRE
1 CHAMBRE SALON,1.0,28000,ABOMEY-CALAVI,ABOMEY-CALAVI,CALAVI AITCHEDJI
3 CHAMBRES SALON,3.0,140000,ABOMEY-CALAVI,ABOMEY-CALAVI,AUTRE
3 CHAMBRES SALON,3.0,130000,ABOMEY-CALAVI,GODOMEY,GODOMEY
1 CHAMBRE SALON,1.0,30000,ABOMEY-CALAVI,GODOMEY,COCOCODJI
1 CHAMBRE SALON,1.0,22000,ABOMEY-CALAVI,TOGBA,AUTRE
2 CHAMBRES SALON,2.0,100000,COTONOU,10EME ARRONDISSEMENT,VEDOKO
2 CHAMBRES SALON,2.0,220000,COTONOU,10EME ARRONDISSEMENT,AUTRE
ENTREE COUCHEE,0.0,12000,ABOMEY-CALAVI,AKASSATO,ADJAGBO
1 CHAMBRE SALON,1.0,35000,ABOMEY-CALAVI,ABOMEY-CALAVI,AUTRE
2 CHAMBRES SALON,2.0,200000,COTONOU,13EME ARRONDISSEMENT,AUTRE
2 CHAMBRES SALON,2.0,130000,ABOMEY-CALAVI,GODOMEY,DECOUGBE
ENTREE COUCHEE,0.0,25000,COTONOU,13EME ARRONDISSEMENT,AUTRE
3 CHAMBRES SALON,3.0,80000,COTONOU,13EME ARRONDISSEMENT,AGLA MAISON DU PEUPLE
2 CHAMBRES SALON,2.0,55000,ABOMEY-CALAVI,ABOMEY-CALAVI,ZOGBADJE
3 CHAMBRES SALON,3.0,160000,ABOMEY-CALAVI,GODOMEY,AUTRE
2 CHAMBRES SALON,2.0,170000,COTONOU,1ER ARRONDISSEMENT,AKPAKPA
1 CHAMBRE SALON,1.0,20000,ABOMEY-CALAVI,GODOMEY,MARIA GLETA
3 CHAMBRES SALON,3.0,140000,ABOMEY-CALAVI,ABOMEY-CALAVI,AUTRE
1 CHAMBRE SALON,1.0,65000,ABOMEY-CALAVI,TOGBA,TOKAN
ENTREE COUCHEE,0.0,22000,COTONOU,AUTRE,AUTRE
2 CHAMBRES SALON,2.0,100000,COTONOU,13EME ARRONDISSEMENT,AUTRE
2 CHAMBRES SALON,2.0,150000,COTONOU,1ER ARRONDISSEMENT,AUTRE
3 CHAMBRES SALON,3.0,200000,COTONOU,GODOMEY,STADE DE L'AMITIE
2 CHAMBRES SALON,2.0,80000,COTONOU,12EME ARRONDISSEMENT,FIDJROSSE AKOGBATO
3 CHAMBRES SALON,3.0,250000,COTONOU,13EME ARRONDISSEMENT,AGLA PYLONES
1 CHAMBRE SALON,1.0,23000,ABOMEY-CALAVI,TOGBA,CALAVI TOKAN
1 CHAMBRE SALON,1.0,31000,ABOMEY-CALAVI,ABOMEY-CALAVI,WOMEY
1 CHAMBRE SALON,1.0,50000,ABOMEY-CALAVI,AKASSATO,AKASSATO
ENTREE COUCHEE,0.0,12000,ABOMEY-CALAVI,GODOMEY,AUTRE
1 CHAMBRE SALON,1.0,25000,ABOMEY-CALAVI,HEVIE,HEVIE
1 CHAMBRE SALON,1.0,25000,ABOMEY-CALAVI,GODOMEY,COCOTOMEY
1 CHAMBRE SALON,1.0,30000,ABOMEY-CALAVI,TOGBA,AUTRE
1 CHAMBRE SALON,1.0,25000,ABOMEY-CALAVI,ABOMEY-CALAVI,CALAVI ZOGBADJE
1 CHAMBRE SALON,1.0,50000,ABOMEY-CALAVI,ABOMEY-CALAVI,CALAVI ZOGBADJE
1 CHAMBRE SALON,1.0,30000,COTONOU,12EME ARRONDISSEMENT,AKOGBATO
ENTREE COUCHEE,0.0,14000,ABOMEY-CALAVI,TOGBA,TOKAN
2 CHAMBRES SALON,2.0,150000,COTONOU,1ER ARRONDISSEMENT,AUTRE
3 CHAMBRES SALON,3.0,300000,COTONOU,12EME ARRONDISSEMENT,FIDJROSSE AKOGBATO
1 CHAMBRE SALON,1.0,37000,ABOMEY-CALAVI,GODOMEY,ATROKPOCODJI
1 CHAMBRE SALON,1.0,46000,ABOMEY-CALAVI,ABOMEY-CALAVI,AUTRE
2 CHAMBRES SALON,2.0,100000,COTONOU,12EME ARRONDISSEMENT,AUTRE
3 CHAMBRES SALON,3.0,200000,COTONOU,1ER ARRONDISSEMENT,ZOGBO/COTONOU
1 CHAMBRE SALON,1.0,40000,ABOMEY-CALAVI,TOGBA,CALAVI TOKAN
3 CHAMBRES SALON,3.0,80000,COTONOU,13EME ARRONDISSEMENT,AGLA MAISON DU PEUPLE
ENTREE COUCHEE,0.0,25000,ABOMEY-CALAVI,TOGBA,TOGBA JEAN PIAGET 3
1 CHAMBRE SALON,1.0,60000,ABOMEY-CALAVI,TOGBA,CALAVI TOKAN
1 CHAMBRE SALON,1.0,37000,COTONOU,12EME ARRONDISSEMENT,AUTRE
2 CHAMBRES SALON,2.0,75000,COTONOU,13EME ARRONDISSEMENT,AGLA
1 CHAMBRE SALON,1.0,35000,ABOMEY-CALAVI,ABOMEY-CALAVI,TANKPE
1 CHAMBRE SALON,1.0,50000,ABOMEY-CALAVI,TOGBA,AUTRE
2 CHAMBRES SALON,2.0,75000,COTONOU,13EME ARRONDISSEMENT,AGLA MAISON DU PEUPLE
1 CHAMBRE SALON,1.0,41500,COTONOU,13EME ARRONDISSEMENT,AGLA LES PYLONES
1 CHAMBRE SALON,1.0,25000,ABOMEY-CALAVI,ABOMEY-CALAVI,AUTRE
1 CHAMBRE SALON,1.0,13000,ABOMEY-CALAVI,HEVIE,HEVIE
2 CHAMBRES SALON,2.0,60000,ABOMEY-CALAVI,ABOMEY-CALAVI,CALAVI ZOUNDJA
1 CHAMBRE SALON,1.0,40000,ABOMEY-CALAVI,TOGBA,AUTRE
1 CHAMBRE SALON,1.0,40000,COTONOU,12EME ARRONDISSEMENT,FIDJROSSE
3 CHAMBRES SALON,3.0,120000,COTONOU,9EME ARRONDISSEMENT,KINDONOU
1 CHAMBRE SALON,1.0,120000,COTONOU,AUTRE,AUTRE
1 CHAMBRE SALON,1.0,40000,ABOMEY-CALAVI,ABOMEY-CALAVI,CALAVI PARANA
1 CHAMBRE SALON,1.0,25000,ABOMEY-CALAVI,HEVIE,HEVIE
1 CHAMBRE SALON,1.0,35000,ABOMEY-CALAVI,TOGBA,TOKAN
2 CHAMBRES SALON,2.0,110000,ABOMEY-CALAVI,ABOMEY-CALAVI,AUTRE
1 CHAMBRE SALON,1.0,35000,ABOMEY-CALAVI,GODOMEY,AUTRE
1 CHAMBRE SALON,1.0,20000,ABOMEY-CALAVI,AKASSATO,AUTRE
1 CHAMBRE SALON,1.0,25000,ABOMEY-CALAVI,TOGBA,HOUETO
5 CHAMBRES SALON,5.0,250000,COTONOU,13EME ARRONDISSEMENT,AGLA LES PYLONES
3 CHAMBRES SALON,3.0,80000,COTONOU,13EME ARRONDISSEMENT,AGLA MAISON DU PEUPLE
1 CHAMBRE SALON,1.0,30000,ABOMEY-CALAVI,HEVIE,HEVIE
1 CHAMBRE SALON,1.0,25000,ABOMEY-CALAVI,ABOMEY-CALAVI,AUTRE
2 CHAMBRES SALON,2.0,100000,ABOMEY-CALAVI,GODOMEY,AUTRE
1 CHAMBRE SALON,1.0,32000,ABOMEY-CALAVI,ABOMEY-CALAVI,CALAVI
2 CHAMBRES SALON,2.0,150000,ABOMEY-CALAVI,GODOMEY,AUTRE
1 CHAMBRE SALON,1.0,75000,COTONOU,13EME ARRONDISSEMENT,AGLA
2 CHAMBRES SALON,2.0,80000,ABOMEY-CALAVI,GODOMEY,GODOMEY
1 CHAMBRE SALON,1.0,22000,ABOMEY-CALAVI,TOGBA,CALAVI TOGBA
1 CHAMBRE SALON,1.0,21000,ABOMEY-CALAVI,GODOMEY,AUTRE
3 CHAMBRES SALON,3.0,100000,COTONOU,1ER ARRONDISSEMENT,AKPAKPA
ENTREE COUCHEE,0.0,25000,ABOMEY-CALAVI,ABOMEY-CALAVI,WOMEY
2 CHAMBRES SALON,2.0,60000,ABOMEY-CALAVI,ABOMEY-CALAVI,TANKPE
2 CHAMBRES SALON,2.0,60000,ABOMEY-CALAVI,ABOMEY-CALAVI,CALAVI ZOUNDJA
1 CHAMBRE SALON,1.0,60000,ABOMEY-CALAVI,TOGBA,TOKAN
2 CHAMBRES SALON,2.0,75000,ABOMEY-CALAVI,TOGBA,CALAVI DJADJO
1 CHAMBRE SALON,1.0,20000,ABOMEY-CALAVI,ABOMEY-CALAVI,AITCHEDJI
2 CHAMBRES SALON,2.0,85000,ABOMEY-CALAVI,ABOMEY-CALAVI,TANKPE
ENTREE COUCHEE,0.0,27000,ABOMEY-CALAVI,GODOMEY,AUTRE
ENTREE COUCHEE,0.0,20000,ABOMEY-CALAVI,TOGBA,CALAVI TOGBA
2 CHAMBRES SALON,2.0,60000,ABOMEY-CALAVI,ABOMEY-CALAVI,AUTRE
1 CHAMBRE SALON,1.0,30000,ABOMEY-CALAVI,TOGBA,CALAVI TOKAN
1 CHAMBRE,1.0,250000,COTONOU,13EME ARRONDISSEMENT,COTONOU AGLA
1 CHAMBRE SALON,1.0,18000,ABOMEY-CALAVI,ABOMEY-CALAVI,AUTRE
2 CHAMBRES SALON,2.0,53000,ABOMEY-CALAVI,GODOMEY,AUTRE
1 CHAMBRE SALON,1.0,40000,ABOMEY-CALAVI,GODOMEY,COCOTOMEY
2 CHAMBRES SALON,2.0,150000,ABOMEY-CALAVI,GODOMEY,GODOMEY
1 CHAMBRE SALON,1.0,90000,COTONOU,12EME ARRONDISSEMENT,AGLA HLAZOUNTO
1 CHAMBRE SALON,1.0,45000,ABOMEY-CALAVI,GODOMEY,GODOMEY FIGNONHOU
2 CHAMBRES SALON,2.0,65000,ABOMEY-CALAVI,GODOMEY,AUTRE
3 CHAMBRES SALON,3.0,200000,ABOMEY-CALAVI,GODOMEY,AUTRE
1 CHAMBRE SALON,1.0,40000,COTONOU,1ER ARRONDISSEMENT,AKPAKPA
3 CHAMBRES SALON,3.0,100000,ABOMEY-CALAVI,ABOMEY-CALAVI,AITCHEDJI
1 CHAMBRE SALON,1.0,70000,ABOMEY-CALAVI,ABOMEY-CALAVI,CALAVI TANKPE
1 CHAMBRE SALON,1.0,45000,ABOMEY-CALAVI,AKASSATO,AKASSATO
1 CHAMBRE SALON,1.0,35000,ABOMEY-CALAVI,GODOMEY,AUTRE
1 CHAMBRE SALON,1.0,35000,ABOMEY-CALAVI,AKASSATO,MISSESSINTO
2 CHAMBRES SALON,2.0,75000,ABOMEY-CALAVI,TOGBA,CALAVI HOUETO
2 CHAMBRES SALON,2.0,53000,ABOMEY-CALAVI,GODOMEY,AUTRE
3 CHAMBRES SALON,3.0,120000,COTONOU,13EME ARRONDISSEMENT,AGLA
1 CHAMBRE SALON,1.0,60000,ABOMEY-CALAVI,TOGBA,TOKAN
1 CHAMBRE SALON,1.0,38000,ABOMEY-CALAVI,GODOMEY,AUTRE
1 CHAMBRE SALON,1.0,18000,ABOMEY-CALAVI,GODOMEY,COCOTOMEY
1 CHAMBRE SALON,1.0,40000,ABOMEY-CALAVI,AKASSATO,AUTRE
1 CHAMBRE SALON,1.0,30000,ABOMEY-CALAVI,ABOMEY-CALAVI,AUTRE
1 CHAMBRE SALON,1.0,45000,ABOMEY-CALAVI,GODOMEY,COCOCODJI
2 CHAMBRES SALON,2.0,70000,COTONOU,13EME ARRONDISSEMENT,AUTRE
1 CHAMBRE SALON,1.0,40000,ABOMEY-CALAVI,ABOMEY-CALAVI,CALAVI PARANA
ENTREE COUCHEE,0.0,20000,ABOMEY-CALAVI,ABOMEY-CALAVI,ZOGBADJE
1 CHAMBRE SALON,1.0,35000,ABOMEY-CALAVI,ABOMEY-CALAVI,CALAVI TANKPE
2 CHAMBRES SALON,2.0,80000,COTONOU,13EME ARRONDISSEMENT,AUTRE
1 CHAMBRE SALON,1.0,19000,ABOMEY-CALAVI,TOGBA,HOUETO
ENTREE COUCHEE,0.0,27500,ABOMEY-CALAVI,GODOMEY,MARIA GLETA
2 CHAMBRES SALON,2.0,75000,ABOMEY-CALAVI,ABOMEY-CALAVI,AUTRE
ENTREE COUCHEE,0.0,20000,ABOMEY-CALAVI,TOGBA,CALAVI HOUETO
ENTREE COUCHEE,0.0,15000,ABOMEY-CALAVI,TOGBA,TOGBA
1 CHAMBRE SALON,1.0,40000,COTONOU,12EME ARRONDISSEMENT,AGLA HLAZOUNTO
ENTREE COUCHEE,0.0,25000,ABOMEY-CALAVI,GODOMEY,COCOTOMEY VON VITAL
1 CHAMBRE SALON,1.0,35000,COTONOU,GODOMEY,STADE DE L'AMITIE
1 CHAMBRE SALON,1.0,38000,ABOMEY-CALAVI,GODOMEY,DEKOUNGBE
2 CHAMBRES SALON,2.0,130000,ABOMEY-CALAVI,GODOMEY,DECOUGBE
ENTREE COUCHEE,0.0,23000,ABOMEY-CALAVI,ABOMEY-CALAVI,CALAVI AIDEGNON
1 CHAMBRE SALON,1.0,32000,COTONOU,13EME ARRONDISSEMENT,AGLA PYLONES
2 CHAMBRES SALON,2.0,55000,ABOMEY-CALAVI,GODOMEY,GODOMEY GARE
1 CHAMBRE SALON,1.0,15000,ABOMEY-CALAVI,ABOMEY-CALAVI,ZOGBADJE
1 CHAMBRE SALON,1.0,35000,ABOMEY-CALAVI,GODOMEY,AUTRE
1 CHAMBRE SALON,1.0,30000,ABOMEY-CALAVI,ABOMEY-CALAVI,CALAVI TANKPE
2 CHAMBRES SALON,2.0,80000,COTONOU,12EME ARRONDISSEMENT,FIDJROSSE
1 CHAMBRE SALON,1.0,22000,ABOMEY-CALAVI,OUEDO,AUTRE
5 CHAMBRES SALON,5.0,300000,COTONOU,13EME ARRONDISSEMENT,AGLA PYLONES
1 CHAMBRE SALON,1.0,40000,ABOMEY-CALAVI,GODOMEY,ATROKPOCODJI
1 CHAMBRE SALON,1.0,72000,COTONOU,12EME ARRONDISSEMENT,AUTRE
1 CHAMBRE SALON,1.0,41000,COTONOU,10EME ARRONDISSEMENT,AUTRE
1 CHAMBRE SALON,1.0,35000,ABOMEY-CALAVI,ABOMEY-CALAVI,ZOGBADJE
1 CHAMBRE SALON,1.0,45000,ABOMEY-CALAVI,OUEDO,AUTRE
1 CHAMBRE SALON,1.0,40000,ABOMEY-CALAVI,GODOMEY,AUTRE
1 CHAMBRE SALON,1.0,40000,COTONOU,1ER ARRONDISSEMENT,AUTRE
1 CHAMBRE SALON,1.0,37500,COTONOU,12EME ARRONDISSEMENT,AUTRE
ENTREE COUCHEE,0.0,20000,ABOMEY-CALAVI,ABOMEY-CALAVI,ZOGBADJE
4 CHAMBRES SALON,4.0,200000,COTONOU,13EME ARRONDISSEMENT,AUTRE
1 CHAMBRE SALON,1.0,27000,ABOMEY-CALAVI,ABOMEY-CALAVI,AUTRE
ENTREE COUCHEE,0.0,25000,ABOMEY-CALAVI,ABOMEY-CALAVI,AUTRE
ENTREE COUCHEE,0.0,15000,ABOMEY-CALAVI,GODOMEY,AUTRE
2 CHAMBRES SALON,2.0,45000,ABOMEY-CALAVI,GODOMEY,DECOUGBE
1 CHAMBRE SALON,1.0,35000,ABOMEY-CALAVI,TOGBA,HOUETO
ENTREE COUCHEE,0.0,18000,ABOMEY-CALAVI,ABOMEY-CALAVI,AUTRE
ENTREE COUCHEE,0.0,31000,ABOMEY-CALAVI,ABOMEY-CALAVI,CALAVI ZOGBADJE
2 CHAMBRES SALON,2.0,85000,ABOMEY-CALAVI,ABOMEY-CALAVI,AUTRE
5 CHAMBRES SALON,5.0,300000,ABOMEY-CALAVI,ABOMEY-CALAVI,AUTRE
1 CHAMBRE SALON,1.0,25000,COTONOU,1ER ARRONDISSEMENT,AUTRE
2 CHAMBRES SALON,2.0,60000,ABOMEY-CALAVI,ABOMEY-CALAVI,CALAVI ARCONVILLE
1 CHAMBRE SALON,1.0,41000,COTONOU,1ER ARRONDISSEMENT,AUTRE
1 CHAMBRE SALON,1.0,70000,COTONOU,13EME ARRONDISSEMENT,AUTRE
1 CHAMBRE SALON,1.0,35000,ABOMEY-CALAVI,TOGBA,CALAVI HOUETO
2 CHAMBRES SALON,2.0,60000,ABOMEY-CALAVI,GODOMEY,COCOTOMEY
2 CHAMBRES SALON,2.0,50000,COTONOU,9EME ARRONDISSEMENT,AUTRE
2 CHAMBRES SALON,2.0,200000,COTONOU,11EME ARRONDISSEMENT,HOUEYIHO
ENTREE COUCHEE,0.0,20000,ABOMEY-CALAVI,ABOMEY-CALAVI,WOMEY
1 CHAMBRE SALON,1.0,50000,COTONOU,11EME ARRONDISSEMENT,HOUEYIHO
1 CHAMBRE SALON,1.0,50000,ABOMEY-CALAVI,TOGBA,CALAVI HOUETO
2 CHAMBRES SALON,2.0,100000,ABOMEY-CALAVI,TOGBA,TOKAN
ENTREE COUCHEE,0.0,12000,ABOMEY-CALAVI,TOGBA,CALAVI KPOTA
2 CHAMBRES SALON,2.0,50000,ABOMEY-CALAVI,ABOMEY-CALAVI,TANKPE
3 CHAMBRES SALON,3.0,160000,ABOMEY-CALAVI,GODOMEY,AUTRE
1 CHAMBRE SALON,1.0,45000,COTONOU,12EME ARRONDISSEMENT,AGLA HLAZOUNTO
1 CHAMBRE SALON,1.0,33000,ABOMEY-CALAVI,TOGBA,CALAVI DJADJO
ENTREE COUCHEE,0.0,15000,ABOMEY-CALAVI,TOGBA,TOGBA
2 CHAMBRES SALON,2.0,65000,ABOMEY-CALAVI,TOGBA,TOKAN
2 CHAMBRES SALON,2.0,150000,ABOMEY-CALAVI,GODOMEY,AUTRE
3 CHAMBRES SALON,3.0,150000,ABOMEY-CALAVI,ABOMEY-CALAVI,CALAVI MAIRIE
1 CHAMBRE SALON,1.0,45000,ABOMEY-CALAVI,GODOMEY,GODOMEY FIGNONHOU
1 CHAMBRE SALON,1.0,20000,ABOMEY-CALAVI,ABOMEY-CALAVI,CALAVI ZOGBADJE
1 CHAMBRE SALON,1.0,35000,ABOMEY-CALAVI,TOGBA,AUTRE
1 CHAMBRE SALON,1.0,65000,ABOMEY-CALAVI,TOGBA,CALAVI TOKAN
2 CHAMBRES SALON,2.0,60000,COTONOU,13EME ARRONDISSEMENT,AGLA PYLONES
1 CHAMBRE SALON,1.0,75000,ABOMEY-CALAVI,TOGBA,CALAVI TOKAN
2 CHAMBRES SALON,2.0,75000,ABOMEY-CALAVI,ABOMEY-CALAVI,CALAVI AIDEGNON
1 CHAMBRE SALON,1.0,45000,ABOMEY-CALAVI,ABOMEY-CALAVI,AUTRE
3 CHAMBRES SALON,3.0,80000,ABOMEY-CALAVI,GODOMEY,ATROKPOCODJI
1 CHAMBRE SALON,1.0,33000,ABOMEY-CALAVI,GODOMEY,COCOTOMEY
2 CHAMBRES SALON,2.0,60000,COTONOU,1ER ARRONDISSEMENT,AUTRE
1 CHAMBRE SALON,1.0,25000,ABOMEY-CALAVI,OUEDO,AUTRE
ENTREE COUCHEE,0.0,20000,ABOMEY-CALAVI,OUEDO,AUTRE
2 CHAMBRES SALON,2.0,70000,ABOMEY-CALAVI,GODOMEY,AUTRE
3 CHAMBRES SALON,3.0,150000,COTONOU,8EME ARRONDISSEMENT,WOLOGUEDE
4 CHAMBRES SALON,4.0,150000,ABOMEY-CALAVI,GODOMEY,DEKOUNGBE
1 CHAMBRE,1.0,300000,ABOMEY-CALAVI,GODOMEY,COCOCODJI
ENTREE COUCHEE,0.0,23000,ABOMEY-CALAVI,ABOMEY-CALAVI,CALAVI ZOGBADJE
3 CHAMBRES SALON,3.0,80000,ABOMEY-CALAVI,GODOMEY,ATROKPOCODJI
1 CHAMBRE SALON,1.0,50000,ABOMEY-CALAVI,ABOMEY-CALAVI,AUTRE
1 CHAMBRE SALON,1.0,25000,ABOMEY-CALAVI,ABOMEY-CALAVI,CALAVI ZOGBADJE
ENTREE COUCHEE,0.0,20000,ABOMEY-CALAVI,ABOMEY-CALAVI,ZOGBADJE
1 CHAMBRE SALON,1.0,25000,ABOMEY-CALAVI,GODOMEY,AUTRE
1 CHAMBRE SALON,1.0,20000,ABOMEY-CALAVI,AKASSATO,AUTRE
1 CHAMBRE SALON,1.0,50000,ABOMEY-CALAVI,AKASSATO,AKASSATO
1 CHAMBRE SALON,1.0,25000,ABOMEY-CALAVI,AKASSATO,AKASSATO
ENTREE COUCHEE,0.0,25000,ABOMEY-CALAVI,AKASSATO,MISSESSINTO
1 CHAMBRE SALON,1.0,19000,ABOMEY-CALAVI,TOGBA,HOUETO
1 CHAMBRE SALON,1.0,35000,ABOMEY-CALAVI,GODOMEY,AUTRE
2 CHAMBRES SALON,2.0,80000,ABOMEY-CALAVI,GODOMEY,GODOMEY GARE
2 CHAMBRES SALON,2.0,70000,ABOMEY-CALAVI,ABOMEY-CALAVI,AUTRE
1 CHAMBRE SALON,1.0,40000,COTONOU,13EME ARRONDISSEMENT,AGLA PYLONES
2 CHAMBRES SALON,2.0,110000,COTONOU,12EME ARRONDISSEMENT,FIDJROSSE AKOGBATO
3 CHAMBRES SALON,3.0,80000,ABOMEY-CALAVI,GODOMEY,ATROKPOCODJI
2 CHAMBRES SALON,2.0,80000,COTONOU,13EME ARRONDISSEMENT,AUTRE
2 CHAMBRES SALON,2.0,45000,ABOMEY-CALAVI,ABOMEY-CALAVI,CALAVI AITCHEDJI
ENTREE COUCHEE,0.0,18000,ABOMEY-CALAVI,ABOMEY-CALAVI,AUTRE
2 CHAMBRES SALON,2.0,75000,ABOMEY-CALAVI,TOGBA,CALAVI DJADJO
1 CHAMBRE SALON,1.0,40000,ABOMEY-CALAVI,ABOMEY-CALAVI,CALAVI PARANA
2 CHAMBRES SALON,2.0,60000,COTONOU,13EME ARRONDISSEMENT,AUTRE
1 CHAMBRE SALON,1.0,40000,COTONOU,13EME ARRONDISSEMENT,AGLA PYLONES
2 CHAMBRES SALON,2.0,70000,COTONOU,13EME ARRONDISSEMENT,AUTRE
ENTREE COUCHEE,0.0,11000,ABOMEY-CALAVI,TOGBA,CALAVI KPOTA
1 CHAMBRE SALON,1.0,50000,COTONOU,11EME ARRONDISSEMENT,HOUEYIHO
1 CHAMBRE SALON,1.0,45000,ABOMEY-CALAVI,GODOMEY,GODOMEY FIGNONHOU
1 CHAMBRE SALON,1.0,35000,ABOMEY-CALAVI,GODOMEY,GODOMEY
2 CHAMBRES SALON,2.0,110000,COTONOU,12EME ARRONDISSEMENT,FIDJROSSE AKOGBATO
1 CHAMBRE SALON,1.0,45000,ABOMEY-CALAVI,GODOMEY,GODOMEY FIGNONHOU
1 CHAMBRE SALON,1.0,25000,ABOMEY-CALAVI,ABOMEY-CALAVI,CALAVI ZOGBADJE
2 CHAMBRES SALON,2.0,85000,ABOMEY-CALAVI,ABOMEY-CALAVI,CALAVI TANKPE
3 CHAMBRES SALON,3.0,180000,COTONOU,12EME ARRONDISSEMENT,FIDJROSSE ADJAHA
1 CHAMBRE SALON,1.0,28000,ABOMEY-CALAVI,GODOMEY,MARIA GLETA
1 CHAMBRE SALON,1.0,32000,ABOMEY-CALAVI,ABOMEY-CALAVI,CALAVI TANKPE
1 CHAMBRE SALON,1.0,35000,ABOMEY-CALAVI,ABOMEY-CALAVI,AUTRE
2 CHAMBRES SALON,2.0,100000,COTONOU,10EME ARRONDISSEMENT,VEDOKO
3 CHAMBRES SALON,3.0,200000,COTONOU,12EME ARRONDISSEMENT,FIDJROSSE ADJAHA
3 CHAMBRES SALON,3.0,150000,ABOMEY-CALAVI,GODOMEY,AUTRE
1 CHAMBRE SALON,1.0,45000,COTONOU,GODOMEY,AUTRE
2 CHAMBRES SALON,2.0,60000,COTONOU,13EME ARRONDISSEMENT,AGLA PYLONES
1 CHAMBRE SALON,1.0,51000,COTONOU,1ER ARRONDISSEMENT,AKPAKPA
3 CHAMBRES SALON,3.0,200000,COTONOU,GODOMEY,STADE DE L'AMITIE
ENTREE COUCHEE,0.0,18000,ABOMEY-CALAVI,GODOMEY,COCOCODJI
1 CHAMBRE SALON,1.0,12000,ABOMEY-CALAVI,AKASSATO,ADJAGBO
1 CHAMBRE SALON,1.0,45000,ABOMEY-CALAVI,GODOMEY,AUTRE
3 CHAMBRES SALON,3.0,150000,ABOMEY-CALAVI,GODOMEY,AUTRE
3 CHAMBRES SALON,3.0,150000,ABOMEY-CALAVI,ABOMEY-CALAVI,AUTRE
2 CHAMBRES SALON,2.0,200000,COTONOU,11EME ARRONDISSEMENT,AUTRE
2 CHAMBRES SALON,2.0,110000,COTONOU,12EME ARRONDISSEMENT,AKOGBATO
2 CHAMBRES SALON,2.0,150000,ABOMEY-CALAVI,GODOMEY,GODOMEY
2 CHAMBRES SALON,2.0,100000,COTONOU,12EME ARRONDISSEMENT,FIDJROSSE
2 CHAMBRES SALON,2.0,60000,COTONOU,13EME ARRONDISSEMENT,AUTRE
1 CHAMBRE SALON,1.0,75000,ABOMEY-CALAVI,TOGBA,CALAVI TOKAN
1 CHAMBRE SALON,1.0,150000,COTONOU,10EME ARRONDISSEMENT,AUTRE
1 CHAMBRE SALON,1.0,50000,COTONOU,11EME ARRONDISSEMENT,HOUEYIHO
3 CHAMBRES SALON,3.0,200000,COTONOU,13EME ARRONDISSEMENT,AGLA MAISON DU PEUPLE
1 CHAMBRE SALON,1.0,22000,ABOMEY-CALAVI,TOGBA,TOGBA
1 CHAMBRE SALON,1.0,35000,ABOMEY-CALAVI,ABOMEY-CALAVI,ZOGBADJE
1 CHAMBRE SALON,1.0,25000,ABOMEY-CALAVI,ABOMEY-CALAVI,ZOGBADJE
1 CHAMBRE SALON,1.0,30000,ABOMEY-CALAVI,ABOMEY-CALAVI,CALAVI TANKPE
1 CHAMBRE SALON,1.0,35000,COTONOU,10EME ARRONDISSEMENT,AUTRE
1 CHAMBRE SALON,1.0,45000,COTONOU,12EME ARRONDISSEMENT,AGLA HLAZOUNTO
2 CHAMBRES SALON,2.0,60000,COTONOU,10EME ARRONDISSEMENT,VEDOKO
3 CHAMBRES SALON,3.0,55000,COTONOU,13EME ARRONDISSEMENT,AUTRE
3 CHAMBRES SALON,3.0,100000,ABOMEY-CALAVI,ABOMEY-CALAVI,CALAVI AITCHEDJI
1 CHAMBRE SALON,1.0,41500,COTONOU,13EME ARRONDISSEMENT,AGLA LES PYLONES
1 CHAMBRE SALON,1.0,100000,COTONOU,12EME ARRONDISSEMENT,AGLA HLAZOUNTO
2 CHAMBRES SALON,2.0,150000,COTONOU,12EME ARRONDISSEMENT,AUTRE
2 CHAMBRES SALON,2.0,50000,ABOMEY-CALAVI,ABOMEY-CALAVI,ZOGBADJE
1 CHAMBRE SALON,1.0,35000,COTONOU,12EME ARRONDISSEMENT,FIDJROSSE
1 CHAMBRE SALON,1.0,35000,ABOMEY-CALAVI,TOGBA,CALAVI HOUETO
1 CHAMBRE SALON,1.0,22000,ABOMEY-CALAVI,GODOMEY,AUTRE
1 CHAMBRE SALON,1.0,45000,COTONOU,12EME ARRONDISSEMENT,AGLA HLAZOUNTO
ENTREE COUCHEE,0.0,20000,ABOMEY-CALAVI,ABOMEY-CALAVI,AUTRE
1 CHAMBRE SALON,1.0,35000,ABOMEY-CALAVI,TOGBA,CALAVI TOGBA
2 CHAMBRES SALON,2.0,60000,ABOMEY-CALAVI,GODOMEY,COCOTOMEY
ENTREE COUCHEE,0.0,25000,ABOMEY-CALAVI,ABOMEY-CALAVI,CALAVI PARANA
2 CHAMBRES SALON,2.0,60000,ABOMEY-CALAVI,ABOMEY-CALAVI,CALAVI ZOUNDJA
2 CHAMBRES SALON,2.0,110000,ABOMEY-CALAVI,TOGBA,CALAVI TOKAN
1 CHAMBRE,1.0,300000,COTONOU,12EME ARRONDISSEMENT,AUTRE
1 CHAMBRE SALON,1.0,35000,ABOMEY-CALAVI,TOGBA,TOGBA JEAN PIAGET 3
1 CHAMBRE SALON,1.0,42000,COTONOU,AUTRE,AUTRE
2 CHAMBRES SALON,2.0,85000,ABOMEY-CALAVI,ABOMEY-CALAVI,CALAVI TANKPE
1 CHAMBRE SALON,1.0,37000,ABOMEY-CALAVI,GODOMEY,GODOMEY
2 CHAMBRES SALON,2.0,120000,COTONOU,12EME ARRONDISSEMENT,FIDJROSSE
5 CHAMBRES SALON,5.0,300000,ABOMEY-CALAVI,GODOMEY,COCOCODJI
3 CHAMBRES SALON,3.0,150000,ABOMEY-CALAVI,GODOMEY,DEKOUNGBE
4 CHAMBRES SALON,4.0,300000,COTONOU,12EME ARRONDISSEMENT,AUTRE
3 CHAMBRES SALON,3.0,200000,ABOMEY-CALAVI,GODOMEY,GODOMEY GARE
1 CHAMBRE SALON,1.0,52000,ABOMEY-CALAVI,GODOMEY,AUTRE
