config,modele,log_cible,n_features,MAE,RMSE,R2,MAE_CV,MAE_CV_std,duree_s
sans_commune,GB,True,4,17095.155033374795,26142.31035537284,0.8335772077181869,24256.03662275773,3322.03140379164,0.3051576614379883
sans_geo,GB,True,2,17113.134406849353,25838.60594805196,0.8374215309601193,22816.54837658081,711.7588640549166,0.2578713893890381
sans_quartier,GB,True,4,17124.405491820093,25744.361079921706,0.8386053597624843,23419.348065539303,3377.432391515362,0.26751232147216797
avec_log,GB,True,5,17269.399768579886,26503.955260524406,0.8289408728756474,24383.287091194634,3709.5647129868184,0.3143625259399414
log+ridge,Ridge,True,5,17801.664971951144,25729.977406575967,0.838785655499311,23975.00816004225,3146.814034155829,0.026021242141723633
sans_arrondissement,GB,True,4,18002.558188971096,26278.343298528373,0.831840721269555,23282.82046536102,1431.80612437584,0.27277135848999023
baseline,GB,False,5,18412.37566039716,26107.136019328715,0.8340247483529709,24852.337969100452,3056.058856046416,0.34204626083374023
sans_nb_chambres+log,GB,True,4,18792.603144686385,30994.610759651398,0.7660638999690002,23259.262924314018,2745.9962435734583,0.29755115509033203
log+rf,RF,True,5,20552.96039817299,37074.01660541359,0.665293495493805,24490.88146934753,3395.9858764975406,0.7197928428649902
sans_nb_chambres,GB,False,4,21387.40471322207,33022.47330605705,0.7344513685066334,24330.491314050647,2497.730646196508,0.30242133140563965
