arrondissement,nombre,moyenne,mediane,minimum,maximum
1ER ARRONDISSEMENT,17,130411.76470588235,150000.0,25000,250000
8EME ARRONDISSEMENT,5,154000.0,150000.0,70000,250000
9EME ARRONDISSEMENT,7,100000.0,120000.0,30000,200000
10EME ARRONDISSEMENT,9,118444.44444444444,100000.0,35000,300000
12EME ARRONDISSEMENT,31,105370.96774193548,90000.0,20000,300000
AUTRE,4,83500.0,81000.0,22000,150000
13EME ARRONDISSEMENT,46,87750.0,70000.0,17000,300000
GODOMEY,92,80059.78260869565,52000.0,12000,300000
11EME ARRONDISSEMENT,7,109285.71428571429,50000.0,40000,200000
ABOMEY-CALAVI,94,59478.72340425532,40000.0,15000,300000
GOLO-DJIGBE,2,38500.0,38500.0,27000,50000
TOGBA,57,43929.82456140351,35000.0,11000,250000
AKASSATO,16,32500.0,28000.0,12000,55000
HEVIE,8,22750.0,25000.0,13000,31000
OUEDO,4,28000.0,23500.0,20000,45000
