quartier,nombre,moyenne,mediane,minimum,maximum
COTONOU AGLA,3,250000.0,250000.0,250000,250000
STADE DE L'AMITIE,3,145000.0,200000.0,35000,200000
FIDJROSSE ADJAHA,3,146666.66666666666,180000.0,60000,200000
ZOGBO/COTONOU,3,166666.66666666666,150000.0,150000,200000
CALAVI MAIRIE,3,150000.0,150000.0,150000,150000
WOLOGUEDE,3,183333.33333333334,150000.0,150000,250000
DEKOUNGBE,6,111333.33333333333,140000.0,38000,150000
GODOMEY,9,95000.0,130000.0,13000,150000
DECOUGBE,3,101666.66666666667,130000.0,45000,130000
KINDONOU,3,90000.0,120000.0,30000,120000
FIDJROSSE AKOGBATO,4,150000.0,110000.0,80000,300000
COCOTOMEY VON VITAL,4,81250.0,100000.0,25000,100000
VEDOKO,5,124000.0,100000.0,60000,300000
AITCHEDJI,3,96666.66666666667,100000.0,20000,170000
AKPAKPA,5,122200.0,100000.0,40000,250000
FIDJROSSE,6,95833.33333333333,90000.0,35000,200000
CALAVI TANKPE,10,78700.0,77500.0,30000,150000
AGLA,3,90000.0,75000.0,75000,120000
CALAVI AIDEGNON,3,57666.666666666664,75000.0,23000,75000
CALAVI DJADJO,3,61000.0,75000.0,33000,75000
AGLA MAISON DU PEUPLE,12,75541.66666666667,75000.0,17000,200000
ATROKPOCODJI,6,62833.333333333336,70000.0,37000,80000
CALAVI TOKAN,9,60333.333333333336,65000.0,23000,110000
AGLA PYLONES,7,111714.28571428571,60000.0,32000,300000
TOKAN,7,57000.0,60000.0,14000,100000
CALAVI ARCONVILLE,3,60000.0,60000.0,20000,100000
CALAVI ZOUNDJA,3,60000.0,60000.0,60000,60000
TANKPE,4,57500.0,55000.0,35000,85000
GODOMEY GARE,7,81571.42857142857,55000.0,52000,200000
HOUEYIHO,5,105000.0,50000.0,50000,200000
AUTRE,131,76263.35877862596,50000.0,12000,300000
AKASSATO,7,43571.42857142857,50000.0,25000,55000
CALAVI AITCHEDJI,4,57000.0,50000.0,28000,100000
GODOMEY FIGNONHOU,4,45000.0,45000.0,45000,45000
AGLA HLAZOUNTO,7,55000.0,45000.0,20000,100000
COCOCODJI,9,93333.33333333333,42000.0,18000,300000
AGLA LES PYLONES,3,111000.0,41500.0,41500,250000
CALAVI PARANA,4,36250.0,40000.0,25000,40000
COCOTOMEY,6,39333.333333333336,36500.0,18000,60000
CALAVI HOUETO,7,40714.28571428572,35000.0,20000,75000
ZOGBADJE,13,32461.53846153846,32000.0,15000,55000
CALAVI,3,42333.333333333336,32000.0,20000,75000
AKOGBATO,3,56666.666666666664,30000.0,30000,110000
WOMEY,4,34000.0,28000.0,20000,60000
MARIA GLETA,3,25166.666666666668,27500.0,20000,28000
CALAVI TOGBA,4,26750.0,26000.0,20000,35000
TOGBA JEAN PIAGET 3,4,27500.0,25000.0,25000,35000
MISSESSINTO,3,28333.333333333332,25000.0,25000,35000
CALAVI ZOGBADJE,8,31125.0,25000.0,20000,50000
HEVIE,8,22750.0,25000.0,13000,31000
HOUETO,6,24666.666666666668,22000.0,15000,35000
TOGBA,4,23500.0,18500.0,15000,42000
CALAVI KPOTA,3,91000.0,12000.0,11000,250000
ADJAGBO,3,16666.666666666668,12000.0,12000,26000
